Colombia ,1,"Kallde El Rey Del Placer""""",La Llevo Al Cielo
﻿Colombia ,2,Kali Uchis,telepatía
﻿Colombia ,3,El Fantasma & Los Dos Carnales,Cabrón y Vago
﻿Colombia ,4,"Los Legendarios, Wisin & Jhay Cortez",Fiel
﻿Colombia ,5,Myke Towers & Juhn,Bandido
﻿Colombia ,6,Sech,911
﻿Colombia ,7,"Rochy RD, Myke Towers & NICKI NICOLE",Ella No Es Tuya (Remix)
﻿Colombia ,8,GIVĒON,HEARTBREAK ANNIVERSARY
﻿Colombia ,9,Joaquin Guiller,Usted No Me Olvida
﻿Colombia ,10,Rauw Alejandro & Anuel AA,Reloj
﻿Colombia ,11,Espinoza Paz,Soltero Feliz (Versión Tuba)
﻿Colombia ,12,Carin Leon,Tú
﻿Colombia ,13,Olivia Rodrigo,drivers license
﻿Colombia ,14,"Bruno Mars, Anderson .Paak & Silk Sonic",Leave The Door Open
﻿Colombia ,15,Masked Wolf,Astronaut In The Ocean
﻿Colombia ,16,Kiddtetoon & Diego Smith,Illuminati
﻿Colombia ,17,ElyOtto,SugarCrash!
﻿Colombia ,18,Los Dos Carnales,El Envidioso
﻿Colombia ,19,The Weeknd,Blinding Lights
﻿Colombia ,20,kostromin,Моя голова винтом
﻿Colombia ,21,"Nio Garcia, Casper Magico & Ozuna Feat. Wisin & Yandel, Myke Towers & Flow La Movie",Travesuras (Remix)
﻿Colombia ,22,"Ozuna, J Balvin & Chencho Corleone",Una Locura
﻿Colombia ,23,Drake Feat. WizKid & Kyla,One Dance
﻿Colombia ,24,Boney M.,Rasputin
﻿Colombia ,25,The Weeknd,Save Your Tears
﻿Colombia ,26,SZA & Justin Timberlake,The Other Side
﻿Colombia ,27,Canal RCN,Pa' Quererte
﻿Colombia ,28,Christian Nodal,Aquí Abajo
﻿Colombia ,29,Tesher,Jalebi Baby
Colombia ,30,Feid & Sky Rompiendo,CHIMBITA
﻿Colombia ,31,Kaleo,Way Down We Go
﻿Colombia ,32,LA YOUNG,Como Estrellas
﻿Colombia ,33,Humbe,Te Conocí en Japón
﻿Colombia ,34,"Kevin Roldan, Bryant Myers & Lyanno",Hasta Abajo
﻿Colombia ,35,Farruko,Coolant
﻿Colombia ,36,Boza,Hecha Pa' Mi
﻿Colombia ,37,Gotye Feat. Kimbra,Somebody That I Used To Know
﻿Colombia ,38,"KAROL G, Anuel AA & J Balvin",LOCATION
﻿Colombia ,39,"Milly, Farruko & Nio Garcia Feat. Jay Wheeler & Amenazzy",No Te Enamores (Remix)
﻿Colombia ,40,Joss Favela & Jessi Uribe,El Alumno
﻿Colombia ,41,Hippie Sabotage,Devil Eyes
﻿Colombia ,42,SoulChef Feat. Nieve,Write This Down
﻿Colombia ,43,Christian Nodal & Ángela Aguilar,Dime Cómo Quieres
﻿Colombia ,44,Bad Bunny & ROSALÍA,LA NOCHE DE ANOCHE
﻿Colombia ,45,Silvestre Dangond,Las Locuras Mías
﻿Colombia ,46,Gym Class Heroes Feat. Adam Levine,Stereo Hearts
﻿Colombia ,47,Marbelle,Adicta al Dolor
﻿Colombia ,48,Nicky Jam & Romeo Santos,Fan de Tus Fotos
﻿Colombia ,49,Bruno Mars,Locked Out Of Heaven
﻿Colombia ,50,Carlos Rivera & Maluma,100 Años
﻿Colombia ,51,Banda Los Recoditos,Mi Último Deseo
﻿Colombia ,52,Bad Bunny & Jhay Cortez,DÁKITI
﻿Colombia ,53,Yeison Jimenez,Tu Amante
﻿Colombia ,54,Gym Class Heroes Feat. Patrick Stump,Cupid's Chokehold
﻿Colombia ,55,Myke Towers,Explícito
﻿Colombia ,56,Grupo  Niche,Algo Que Se Quede
﻿Colombia ,57,Maluma,Agua de Jamaica
﻿Colombia ,58,Issam Alnajjar,Hadal Ahbek
﻿Colombia ,59,Los Inquietos,Ven A Mi
﻿Colombia ,60,Darkiell,Sigue Bailandome
﻿Colombia ,61,Dylan Fuentes & Myke Towers & Dayme y El High,Ajena
﻿Colombia ,62,Alzate & Yeison Jimenez,Mi Venganza
﻿Colombia ,63,Dua Lipa,Levitating
﻿Colombia ,64,Camilo & El Alfa,BEBÉ
﻿Colombia ,65,The Neighbourhood,Sweater Weather
﻿Colombia ,66,"Maluma, Rauw Alejandro & Beéle Feat. Darell, Mambo Kingz & DJ Luian",Aloha
﻿Colombia ,67,Ryan Castro & Blessd,Lejanía
﻿Colombia ,68,"Wisin, Yandel & Farruko Feat. Jon Z, Don Chezina, Chencho Corleone & Myke Towers",3G (Remix)
﻿Colombia ,69,Binomio De Oro De América,Realízame Mis Sueños
﻿Colombia ,70,Paola Jara,No Me Preguntes
﻿Colombia ,71,"Manuel Turizo, Rauw Alejandro & Myke Towers",La Nota
﻿Colombia ,72,Indila,Dernière Danse
﻿Colombia ,73,Grover Washington Jr.,Just The Two Of Us
﻿Colombia ,74,Dua Lipa,Don't Start Now
﻿Colombia ,75,Manuel Turizo & Wisin & Yandel,Mala Costumbre
﻿Colombia ,76,Papu DJ,La Guerra
﻿Colombia ,77,Dirty Heads,Vacation
﻿Colombia ,78,ROSÉ,On The Ground
﻿Colombia ,79,Kim Dracula,Paparazzi
﻿Colombia ,80,BTS,Dynamite
﻿Colombia ,81,Lady Saw,Ragga Tonseh
﻿Colombia ,82,La Combinación Vallenata,A Pesar de Todo
﻿Colombia ,83,SAINt JHN,Roses (Imanbek Remix)
﻿Colombia ,84,Los Inquietos,Buscaré Otro Amor
﻿Colombia ,85,Coolio Feat. L.V.,Gangsta's Paradise
﻿Colombia ,86,Camilo & Evaluna Montaner,Machu Picchu
﻿Colombia ,87,Duncan Laurence,Arcade
﻿Colombia ,88,Stefflon Don,16 Shots
﻿Colombia ,89,Gwen Stefani,Hollaback Girl
﻿Colombia ,90,Queen,Another One Bites The Dust
﻿Colombia ,91,Jay Wheeler & DJ Nelson Feat. Myke Towers,La Curiosidad
﻿Colombia ,92,Tiësto,The Business
﻿Colombia ,93,Mao Hamamoto,Chapter 1: Main Theme (Corpse Party: Blood Covered Repeated Fear)
﻿Colombia ,94,Leat'eq,Tokyo
﻿Colombia ,95,Avicii,The Nights
﻿Colombia ,96,Never Get Used To People,Life Letters
﻿Colombia ,97,UB40,Kingston Town
﻿Colombia ,98,Dura DJ,"Y Si el Pueblo Pide, Ponle"
﻿Colombia ,99,Magic!,Rude
﻿Colombia ,100,Nicky Jam & Myke Towers,Polvo
﻿Colombia ,101,Tearliner Feat. Jo Hae Jin,Blooming Story
﻿Colombia ,102,KAROL G,BICHOTA
﻿Colombia ,103,Black Pumas,Colors
﻿Colombia ,104,Pascal Letoublon,Friendships
﻿Colombia ,105,Jesús Manuel,Tres Noches
﻿Colombia ,106,Aaron Smith Feat. Luvli,Dancin (Krono Remix)
﻿Colombia ,107,Rauw Alejandro & Mr. Naisgai,2/Catorce
﻿Colombia ,108,Doja Cat,Streets
﻿Colombia ,109,Jack Koden,Get Lucky
﻿Colombia ,110,Los Plebes del Rancho de Ariel Camacho & Christian Nodal,2 Veces
﻿Colombia ,111,Bring Me The Horizon,Can You Feel My Heart
﻿Colombia ,112,Pháo,2 Phút Hơn [KAIZ Remix]
﻿Colombia ,113,Really Slow Motion,Deadwood
﻿Colombia ,114,Leyla Blue,What A Shame
﻿Colombia ,115,Twenty One Pilots,Stressed Out
﻿Colombia ,116,CNCO,Dejaría Todo
﻿Colombia ,117,Hozier,Take Me To Church
﻿Colombia ,118,Master KG Feat. Nomcebo Zikode,Jerusalema
﻿Colombia ,119,Koutev Bulgarian National Ensemble,"Bre, Petrunko (Ho! Dear Petroona)"
﻿Colombia ,120,Kobe Yesscas,Quiero Dinero (Extended Version)
﻿Colombia ,121,Surf Mesa Feat. Emilee,ily (i love you baby)
﻿Colombia ,122,Flex & Japanesse,Eras una Niña
﻿Colombia ,123,Sub Urban,Cradles
﻿Colombia ,124,Andy Rivera,Increíble
﻿Colombia ,125,Daddy Yankee,PROBLEMA
﻿Colombia ,126,Shakira,Loba
﻿Colombia ,127,Herencia De Timbiquí,Sabrás
﻿Colombia ,128,Adso Alejandro,Como Si Nada
﻿Colombia ,129,Vance Joy,Riptide
﻿Colombia ,130,Yiyo Sarante,Corazón De Acero
﻿Colombia ,131,Los Inquietos Del Vallenato,Me Matará El Sentimiento
﻿Colombia ,132,Los Farandulay,El Peludo
﻿Colombia ,133,Mother Mother,Hay Loft
﻿Colombia ,134,Capone,Streets Favorite
﻿Colombia ,135,Aya Nakamura,Copines
﻿Colombia ,136,Santiago Cardona & Heiky Miller,Multiples Efectos
﻿Colombia ,137,Harry Styles,Watermelon Sugar
﻿Colombia ,138,Luis Alberto Posada,El Precio De Tu Error
﻿Colombia ,139,Tones And I,Dance Monkey
﻿Colombia ,140,Jason Derulo,Whatcha Say
﻿Colombia ,141,Paul Anka,Put Your Head On My Shoulder
﻿Colombia ,142,Rihanna,Where Have You Been
﻿Colombia ,143,Tom Odell,Another Love
﻿Colombia ,144,Natti Natasha & Prince Royce,ANTES QUE SALGA EL SOL
﻿Colombia ,145,Milky Chance,Stolen Dance
﻿Colombia ,146,Childish Gambino,Redbone
﻿Colombia ,147,Alice Deejay,Better Off Alone
﻿Colombia ,148,Chanell,Inmoral
﻿Colombia ,149,Eurythmics,Sweet Dreams (Are Made Of This)
﻿Colombia ,150,Marcelo D2 & Claudia,Desabafo / Deixa Eu Dizer
﻿Colombia ,151,Olivia Dean,Echo
﻿Colombia ,152,Nath & Kevin Roldan,La Práctica
﻿Colombia ,153,Edson Velandia & Sofía Viola Feat. Juancho Valencia,Amor Sideral
﻿Colombia ,154,Ludovico Einaudi,Experience
﻿Colombia ,155,Humbe,tú me hiciste volar
﻿Colombia ,156,SoFaygo,Knock Knock
﻿Colombia ,157,Daft Punk,Around The World
﻿Colombia ,158,Cosculluela,Guaya
﻿Colombia ,159,Tommee Profitt Feat. Fleurie & Jung Youth,In The End
﻿Colombia ,160,Alt-J,Breezeblocks
﻿Colombia ,161,"Lyanno, Rauw Alejandro & Lenny Tavarez Feat. Maria Becerra",En Tu Cuerpo (Remix)
﻿Colombia ,162,Джаро & Ханза,Ты мой кайф
﻿Colombia ,163,Capital Cities,Safe And Sound
﻿Colombia ,164,Eduardo Luzquiños & EZRA,Yrn (Remix)
﻿Colombia ,165,Nelson Gomez,Por una Aventura
﻿Colombia ,166,Rauw Alejandro,Algo Mágico
﻿Colombia ,167,Maluma Feat. Lenny Tavárez & Justin Quiles,Parce
﻿Colombia ,168,24kGoldn Feat. iann dior,Mood
﻿Colombia ,169,MEDUZA Feat. Dermot Kennedy,Paradise
﻿Colombia ,170,"Ryan Castro, Kevin Roldán & Andy Rivera Feat. Mackie & Ben3detti",Lejanía (Remix)
﻿Colombia ,171,"J. Balvin, Dua Lipa, Bad Bunny & Tainy",UN DIA (ONE DAY)
﻿Colombia ,172,Rauw Alejandro Feat. Chencho,El Efecto
﻿Colombia ,173,Lizz Robinett Feat. L-Train & Y. Chang,Renai Circulation (English Cover) [TV Size]
﻿Colombia ,174,Luigy Boy & La Florezta,Alo Michael (rico rico rico rico)
﻿Colombia ,175,Felipe Peláez,Te Prometo
﻿Colombia ,176,Rauw Alejandro,Perreo Pesau'
﻿Colombia ,177,Lenin Ramírez & Grupo Firme,Yo Ya No Vuelvo Contigo (En Vivo)
﻿Colombia ,178,Binomio De Oro,No Me Resignare
﻿Colombia ,179,Lewis Capaldi,Someone You Loved
﻿Colombia ,180,Post Malone,Hollywood's Bleeding
﻿Colombia ,181,ZAYN Feat. Sia,Dusk Till Dawn
﻿Colombia ,182,Bad Bunny,TE MUDASTE
﻿Colombia ,183,El Villanord Feat. Yailin la Mas Viral,Chivirika
﻿Colombia ,184,Eminem,Without Me
﻿Colombia ,185,Tanczaca Krowa,Dancing Polish Cow
﻿Colombia ,186,Ozuna & Camilo,Despeinada
﻿Colombia ,187,Jerry Di,Mi Cuarto
﻿Colombia ,188,Haddaway,What Is Love
﻿Colombia ,189,Pitbull Feat. Ne-Yo & Afrojack & Nayer,Give Me Everything
﻿Colombia ,190,Farruko,La Tóxica
﻿Colombia ,191,Modjo,Lady (Hear Me Tonight)
﻿Colombia ,192,Bee Gees,Stayin' Alive
﻿Colombia ,193,Sia,Snowman
﻿Colombia ,194,J Balvin,Ma' G
﻿Colombia ,195,Jason Derulo Feat. 2 Chainz,Talk Dirty
﻿Colombia ,196,Eminem,Fack
﻿Colombia ,197,Edward Maya & Vika Jigulina,Stereo Love
﻿Colombia ,198,Lilly Wood & The Prick & Robin Schulz,Prayer In C (Robin Schulz Radio Edit)
﻿Colombia ,199,Young T & Bugsey Feat. Headie One,Don't Rush (Ans & Jordan Remix)
﻿Colombia ,200,Farruko & Arcangel & Noriel Feat. Bryant Myers & Alex Gargolas,Tacos Altos
﻿Mexico ,1,Kali Uchis,telepatía
﻿Mexico ,2,Olivia Rodrigo,drivers license
﻿Mexico ,3,Masked Wolf,Astronaut In The Ocean
﻿Mexico ,4,Tiësto,The Business
﻿Mexico ,5,The Weeknd,Save Your Tears
﻿Mexico ,6,Boney M.,Rasputin
﻿Mexico ,7,"Kallde El Rey Del Placer""""",La Llevo Al Cielo
﻿Mexico ,8,"Bruno Mars, Anderson .Paak & Silk Sonic",Leave The Door Open
﻿Mexico ,9,Farruko,Coolant
﻿Mexico ,10,kostromin,Моя голова винтом
﻿Mexico ,11,ElyOtto,SugarCrash!
﻿Mexico ,12,Myke Towers & Juhn,Bandido
﻿Mexico ,13,"Los Legendarios, Wisin & Jhay Cortez",Fiel
﻿Mexico ,14,Issam Alnajjar,Hadal Ahbek
﻿Mexico ,15,Sech,911
﻿Mexico ,16,SoulChef Feat. Nieve,Write This Down
﻿Mexico ,17,Kiddtetoon & Diego Smith,Illuminati
﻿Mexico ,18,"Rochy RD, Myke Towers & NICKI NICOLE",Ella No Es Tuya (Remix)
﻿Mexico ,19,GIVĒON,HEARTBREAK ANNIVERSARY
﻿Mexico ,20,Riton & Nightcrawlers Feat. Mufasa & Hypeman,Friday (Dopamine Re-Edit)
﻿Mexico ,21,Gym Class Heroes Feat. Patrick Stump,Cupid's Chokehold
﻿Mexico ,22,Leat'eq,Tokyo
﻿Mexico ,23,Rauw Alejandro & Anuel AA,Reloj
﻿Mexico ,24,Drake Feat. WizKid & Kyla,One Dance
﻿Mexico ,25,El Fantasma & Los Dos Carnales,Cabrón y Vago
﻿Mexico ,26,Banda MS de Sergio Lizárraga,La Casita
﻿Mexico ,27,Tesher,Jalebi Baby
﻿Mexico ,28,Perdidos De Sinaloa,Voy A Amarte
﻿Mexico ,29,Dua Lipa,We're Good
﻿Mexico ,30,Pháo,2 Phút Hơn [KAIZ Remix]
﻿Mexico ,31,"ATB, Topic & A7S",Your Love (9PM)
﻿Mexico ,32,Humbe,Te Conocí en Japón
﻿Mexico ,33,Kim Dracula,Paparazzi
﻿Mexico ,34,Gotye Feat. Kimbra,Somebody That I Used To Know
﻿Mexico ,35,The Weeknd,Blinding Lights
﻿Mexico ,36,XXXTENTACION,Hope
﻿Mexico ,37,Alejandro Fernández & Christian Nodal,Duele
﻿Mexico ,38,Humbe,tú me hiciste volar
﻿Mexico ,39,Gwen Stefani,Hollaback Girl
﻿Mexico ,40,"Nio Garcia, Casper Magico & Ozuna Feat. Wisin & Yandel, Myke Towers & Flow La Movie",Travesuras (Remix)
﻿Mexico ,41,SZA & Justin Timberlake,The Other Side
﻿Mexico ,42,Bad Bunny & Jhay Cortez,DÁKITI
﻿Mexico ,43,Carin De leon,El Toxico
﻿Mexico ,44,Rauw Alejandro,Algo Mágico
﻿Mexico ,45,BTS,Dynamite
﻿Mexico ,46,Topic & A7S,Breaking Me
﻿Mexico ,47,Never Get Used To People,Life Letters
﻿Mexico ,48,Kaleo,Way Down We Go
﻿Mexico ,49,Dylan Fuentes & Myke Towers & Dayme y El High,Ajena
﻿Mexico ,50,Lenin Ramírez & Grupo Firme,Yo Ya No Vuelvo Contigo (En Vivo)
﻿Mexico ,51,"KAROL G, Anuel AA & J Balvin",LOCATION
﻿Mexico ,52,Really Slow Motion,Deadwood
﻿Mexico ,53,Fleetwood Mac,Dreams
﻿Mexico ,54,Ava Max,My Head & My Heart
﻿Mexico ,55,Dua Lipa,Don't Start Now
﻿Mexico ,56,"Wisin, Yandel & Farruko Feat. Jon Z, Don Chezina, Chencho Corleone & Myke Towers",3G (Remix)
﻿Mexico ,57,LA YOUNG,Como Estrellas
﻿Mexico ,58,Black Eyed Peas & Shakira,GIRL LIKE ME
﻿Mexico ,59,Doja Cat,Say So
﻿Mexico ,60,The Very Unknown Band,The Most Mysterious Song On the Internet (Remastered)
﻿Mexico ,61,Daddy Yankee & Marc Anthony,De Vuelta Pa' La Vuelta
﻿Mexico ,62,Dua Lipa,Levitating
﻿Mexico ,63,Bring Me The Horizon,Can You Feel My Heart
﻿Mexico ,64,Creedence Clearwater Revival,Have You Ever Seen The Rain?
﻿Mexico ,65,SAINt JHN,Roses (Imanbek Remix)
﻿Mexico ,66,Childish Gambino,Redbone
﻿Mexico ,67,Dura DJ,"Y Si el Pueblo Pide, Ponle"
﻿Mexico ,68,Maikitol Y El Chusco,Como A Rata
﻿Mexico ,69,The Neighbourhood,Sweater Weather
﻿Mexico ,70,Los Plebes del Rancho de Ariel Camacho & Christian Nodal,2 Veces
﻿Mexico ,71,Momokurotei Ichimon,Nippon Egao Hyakkei
﻿Mexico ,72,Los Farandulay,El Peludo
﻿Mexico ,73,Papu DJ,La Guerra
﻿Mexico ,74,Queen,Another One Bites The Dust
﻿Mexico ,75,Tearliner Feat. Jo Hae Jin,Blooming Story
﻿Mexico ,76,El Alfa & Yandel & Myke Towers,Dembow Y Reggaeton
﻿Mexico ,77,Indila,Dernière Danse
﻿Mexico ,78,Alok & Bruno Martini Feat. Zeeba,Hear Me Now
﻿Mexico ,79,Humbe,EL POETA
﻿Mexico ,80,Hippie Sabotage,Devil Eyes
﻿Mexico ,81,Gym Class Heroes Feat. Adam Levine,Stereo Hearts
﻿Mexico ,82,"Kevin Roldan, Bryant Myers & Lyanno",Hasta Abajo
﻿Mexico ,83,Stefflon Don,16 Shots
﻿Mexico ,84,Twenty One Pilots,Stressed Out
﻿Mexico ,85,Harry Styles,Golden
﻿Mexico ,86,ROSÉ,On The Ground
﻿Mexico ,87,KAROL G,BICHOTA
﻿Mexico ,88,La Santa Grifa,Por Mi Zona
﻿Mexico ,89,Travis Scott & HVME,Goosebumps (Remix)
﻿Mexico ,90,Magic!,Rude
﻿Mexico ,91,Manuel Turizo & Wisin & Yandel,Mala Costumbre
﻿Mexico ,92,Duncan Laurence,Arcade
﻿Mexico ,93,Marcelo D2 & Claudia,Desabafo / Deixa Eu Dizer
﻿Mexico ,94,Luigy Boy & La Florezta,Alo Michael (rico rico rico rico)
﻿Mexico ,95,Leyla Blue,What A Shame
﻿Mexico ,96,Hiboky,Exil
﻿Mexico ,97,Flex & Japanesse,Eras una Niña
﻿Mexico ,98,Aaron Smith Feat. Luvli,Dancin (Krono Remix)
﻿Mexico ,99,Shakira,Loba
﻿Mexico ,100,Hozier,Take Me To Church
﻿Mexico ,101,George Michael,Careless Whisper
﻿Mexico ,102,Capital Cities,Safe And Sound
﻿Mexico ,103,Eduardo Luzquiños & EZRA,Yrn (Remix)
﻿Mexico ,104,Billie Eilish,Therefore I Am
﻿Mexico ,105,Alt-J,Breezeblocks
﻿Mexico ,106,Eurythmics,Sweet Dreams (Are Made Of This)
﻿Mexico ,107,Tanczaca Krowa,Dancing Polish Cow
﻿Mexico ,108,Bruno Mars,Locked Out Of Heaven
﻿Mexico ,109,María José Feat. Carlos Rivera,Ya No Me Acuerdo Más de Ti [En Vivo]
﻿Mexico ,110,Ráfaga,Mentirosa
﻿Mexico ,111,Jason Derulo Feat. 2 Chainz,Talk Dirty
﻿Mexico ,112,Joan Y Su Elite & Manuel Rodriguez,Me Gusta Mi Vida
﻿Mexico ,113,"Milly, Farruko & Nio Garcia Feat. Jay Wheeler & Amenazzy",No Te Enamores (Remix)
﻿Mexico ,114,Dirty Heads,Vacation
﻿Mexico ,115,Marca MP,Te Apuesto (En Vivo)
﻿Mexico ,116,Pascal Letoublon,Friendships
﻿Mexico ,117,Coolio Feat. L.V.,Gangsta's Paradise
﻿Mexico ,118,Carlos Rivera & Maluma,100 Años
﻿Mexico ,119,Junior H,Ella
﻿Mexico ,120,DaBaby Feat. Roddy Ricch,Rockstar
﻿Mexico ,121,Foster The People,Pumped Up Kicks
﻿Mexico ,122,Paul Anka,Put Your Head On My Shoulder
﻿Mexico ,123,Grover Washington Jr.,Just The Two Of Us
﻿Mexico ,124,Bad Bunny & ROSALÍA,LA NOCHE DE ANOCHE
﻿Mexico ,125,Sub Urban,Cradles
﻿Mexico ,126,Tones And I,Dance Monkey
﻿Mexico ,127,Celeste,Love Is Back
﻿Mexico ,128,Darkiell,Sigue Bailandome
﻿Mexico ,129,The Black Eyed Peas,Let's Get It Started
﻿Mexico ,130,Mother Mother,Hay Loft
﻿Mexico ,131,Nicky Jam & Romeo Santos,Fan de Tus Fotos
﻿Mexico ,132,Alpha Blondy & The Wailers,Jerusalem
﻿Mexico ,133,Alice Deejay,Better Off Alone
﻿Mexico ,134,Avicii,The Nights
﻿Mexico ,135,Doja Cat,Streets
﻿Mexico ,136,Sia,Snowman
﻿Mexico ,137,Nathan Evans,Wellerman (Sea Shanty)
﻿Mexico ,138,Los Elegantes de Jerez,Tú
﻿Mexico ,139,Capone,Streets Favorite
﻿Mexico ,140,Karla Breu,Te Prometo
﻿Mexico ,141,Jack Koden,Get Lucky
﻿Mexico ,142,Grupo Diez 4tro,En El Refuego
﻿Mexico ,143,Cardi B,Up
﻿Mexico ,144,Harry Styles,Sign Of The Times
﻿Mexico ,145,Aya Nakamura,Copines
﻿Mexico ,146,Redbone,Come And Get Your Love
﻿Mexico ,147,Selena Gomez & Rauw Alejandro,Baila Conmigo
﻿Mexico ,148,Eminem,Fack
﻿Mexico ,149,Piso 21 & Maluma,Más De La Una
﻿Mexico ,150,The Outfield,Your Love
﻿Mexico ,151,Tom Odell,Another Love
﻿Mexico ,152,Los 2 de la S Feat. Banda MS de Sergio Lizárraga,Somos Los Que Somos [En Vivo]
﻿Mexico ,153,Lilly Wood & The Prick & Robin Schulz,Prayer In C (Robin Schulz Radio Edit)
﻿Mexico ,154,Camilo,Ropa Cara
﻿Mexico ,155,Adso Alejandro,Como Si Nada
﻿Mexico ,156,Powfu,death bed (feat. beabadoobee) [coffee for your head]
﻿Mexico ,157,Macklemore & Ryan Lewis Feat. Ray Dalton,Can't Hold Us
﻿Mexico ,158,Sebastián Yatra,Adiós
﻿Mexico ,159,Marca MP,Ya Acabo
﻿Mexico ,160,Burak Yeter Feat. Danelle Sandoval,Tuesday
﻿Mexico ,161,MGMT,Little Dark Age
﻿Mexico ,162,Matias Juarez & Trapzongo,Que Te Parece
﻿Mexico ,163,Zoé,Velur
﻿Mexico ,164,Lewis Capaldi,Someone You Loved
﻿Mexico ,165,Jessi Uribe,Una Oportunidad
﻿Mexico ,166,Majestic vs. Boney M,Rasputin
﻿Mexico ,167,Gnarls Barkley,Crazy
﻿Mexico ,168,Lizz Robinett Feat. L-Train & Y. Chang,Renai Circulation (English Cover) [TV Size]
﻿Mexico ,169,"Myke Towers, Farruko & Arcangel Feat. Sech & Zion",Si Se Da (Remix)
﻿Mexico ,170,Danna Paola,Calla Tú
﻿Mexico ,171,The Hollies,Long Cool Woman (In A Black Dress)
﻿Mexico ,172,Ludovico Einaudi,Experience
﻿Mexico ,173,347aidan,Dancing in My Room
﻿Mexico ,174,Regard,Ride It
﻿Mexico ,175,Carin Leon,Tú
﻿Mexico ,176,Rauw Alejandro Feat. Chencho,El Efecto
﻿Mexico ,177,Coldplay,Hymn For The Weekend
﻿Mexico ,178,Tears For Fears,Everybody Wants To Rule The World
﻿Mexico ,179,Hodge,In My Little Mind
﻿Mexico ,180,Fousheé,Deep End
﻿Mexico ,181,Sergio Valentino,Drive Forever (Remix)
﻿Mexico ,182,Ritt Momney,Put Your Records On
﻿Mexico ,183,Imagine Dragons,Believer
﻿Mexico ,184,Alejandra Guzmán,¿Por Qué No Estás Aquí?
﻿Mexico ,185,Joss Favela & Jessi Uribe,El Alumno
﻿Mexico ,186,Luis Fonsi & Rauw Alejandro,Vacío
﻿Mexico ,187,Lady Gaga,Poker Face
﻿Mexico ,188,Eminem,Without Me
﻿Mexico ,189,Roar,I Can't Handle Change
﻿Mexico ,190,The Joshuan Project,Beatbox
﻿Mexico ,191,Daft Punk,Around The World
﻿Mexico ,192,Rihanna,Needed Me (Cosmic Dawn Club Mix)
﻿Mexico ,193,Harry Styles,Watermelon Sugar
﻿Mexico ,194,Daft Punk Feat. Julian Casablancas,Instant Crush
﻿Mexico ,195,"Mixtape Ministries Feat. PyRexx, Clay G & Tony B",Take Me To Church
﻿Mexico ,196,Rihanna,Where Have You Been
﻿Mexico ,197,Jay Wheeler & DJ Nelson Feat. Myke Towers,La Curiosidad
﻿Mexico ,198,Post Malone,Circles
﻿Mexico ,199,David Guetta & Sia,Let's Love
﻿Mexico ,200,will.i.am Feat. Britney Spears,Scream & Shout
﻿Uruguay ,1,The Weeknd,Blinding Lights
﻿Uruguay ,2,"Rochy RD, Myke Towers & NICKI NICOLE",Ella No Es Tuya (Remix)
﻿Uruguay ,3,Olivia Rodrigo,drivers license
﻿Uruguay ,4,Kali Uchis,telepatía
﻿Uruguay ,5,The Weeknd,Save Your Tears
﻿Uruguay ,6,"Kallde El Rey Del Placer""""",La Llevo Al Cielo
﻿Uruguay ,7,Myke Towers & Juhn,Bandido
﻿Uruguay ,8,"KAROL G, Anuel AA & J Balvin",LOCATION
﻿Uruguay ,9,Harry Styles,Watermelon Sugar
﻿Uruguay ,10,R.E.M.,Everybody Hurts
﻿Uruguay ,11,No Te Va Gustar & NICKI NICOLE,Venganza
﻿Uruguay ,12,Masked Wolf,Astronaut In The Ocean
﻿Uruguay ,13,"Rusherking, Khea & Duki Feat. Maria Becerra, Lit Killah & Tiago PZK",Además de Mí (Remix)
﻿Uruguay ,14,ElyOtto,SugarCrash!
﻿Uruguay ,15,SAINt JHN,Roses (Imanbek Remix)
﻿Uruguay ,16,Bad Bunny & ROSALÍA,LA NOCHE DE ANOCHE
﻿Uruguay ,17,Farruko,Coolant
﻿Uruguay ,18,Sech,911
﻿Uruguay ,19,David Guetta & Sia,Let's Love
﻿Uruguay ,20,American Authors,Best Day Of My Life
﻿Uruguay ,21,Kaleo,Way Down We Go
﻿Uruguay ,22,Daddy Yankee,PROBLEMA
﻿Uruguay ,23,Tiësto,The Business
﻿Uruguay ,24,Dura DJ,"Y Si el Pueblo Pide, Ponle"
﻿Uruguay ,25,Selena Gomez & Rauw Alejandro,Baila Conmigo
﻿Uruguay ,26,Master KG Feat. Nomcebo Zikode,Jerusalema
﻿Uruguay ,27,LA YOUNG,Como Estrellas
﻿Uruguay ,28,Dua Lipa,Levitating
﻿Uruguay ,29,Riton & Nightcrawlers Feat. Mufasa & Hypeman,Friday (Dopamine Re-Edit)
﻿Uruguay ,30,Camilo & El Alfa,BEBÉ
﻿Uruguay ,31,Counting Crows,Mr. Jones
﻿Uruguay ,32,Papu DJ,La Guerra
﻿Uruguay ,33,Bizarrap & L-Gante,"L-Gante: Bzrp Music Sessions, Vol.38"
﻿Uruguay ,34,"C. Tangana, Niño de Elche & La Hungara",Tú Me Dejaste De Querer
﻿Uruguay ,35,Boney M.,Rasputin
﻿Uruguay ,36,"Bruno Mars, Anderson .Paak & Silk Sonic",Leave The Door Open
﻿Uruguay ,37,Pascal Letoublon,Friendships
﻿Uruguay ,38,Daddy Yankee & Marc Anthony,De Vuelta Pa' La Vuelta
﻿Uruguay ,39,GIVĒON,HEARTBREAK ANNIVERSARY
﻿Uruguay ,40,"Migrantes, Oscu & Rombai Feat. Agapornis, Alico & Nico Valdi",Si Me Tomo una Cerveza (Remix)
﻿Uruguay ,41,Purple Disco Machine & Sophie and the Giants,Hypnotized
﻿Uruguay ,42,Tesher,Jalebi Baby
﻿Uruguay ,43,CNCO,Tan Enamorados
﻿Uruguay ,44,Kiddtetoon & Diego Smith,Illuminati
﻿Uruguay ,45,No Te Va Gustar,No Te Imaginas
﻿Uruguay ,46,BTS,Dynamite
﻿Uruguay ,47,KAROL G,BICHOTA
﻿Uruguay ,48,Rauw Alejandro & Anuel AA,Reloj
﻿Uruguay ,49,Duncan Laurence,Arcade
﻿Uruguay ,50,Hippie Sabotage,Devil Eyes
﻿Uruguay ,51,Tones And I,Dance Monkey
﻿Uruguay ,52,Bruno Mars,Locked Out Of Heaven
﻿Uruguay ,53,Gotye Feat. Kimbra,Somebody That I Used To Know
﻿Uruguay ,54,SZA & Justin Timberlake,The Other Side
﻿Uruguay ,55,"ATB, Topic & A7S",Your Love (9PM)
﻿Uruguay ,56,Luck Ra,Te Mentiria
﻿Uruguay ,57,Gym Class Heroes Feat. Patrick Stump,Cupid's Chokehold
﻿Uruguay ,58,Black Eyed Peas & Shakira,GIRL LIKE ME
﻿Uruguay ,59,Magic!,Rude
﻿Uruguay ,60,Boza,Hecha Pa' Mi
﻿Uruguay ,61,Carlos Rivera & Maluma,100 Años
﻿Uruguay ,62,Nicky Jam & Romeo Santos,Fan de Tus Fotos
﻿Uruguay ,63,Darkiell,Sigue Bailandome
﻿Uruguay ,64,Kylie Minogue,Magic (Single Version)
﻿Uruguay ,65,"#TocoParaVos, El Reja & Marka Akme",Se Picó
﻿Uruguay ,66,Jawsh 685 & Jason Derulo,Savage Love (Laxed - Siren Beat)
﻿Uruguay ,67,Camilo,Ropa Cara
﻿Uruguay ,68,"Los Legendarios, Wisin & Jhay Cortez",Fiel
﻿Uruguay ,69,CNCO,Dejaría Todo
﻿Uruguay ,70,Dua Lipa,Don't Start Now
﻿Uruguay ,71,Luis Fonsi & Rauw Alejandro,Vacío
﻿Uruguay ,72,"Manuel Turizo, Rauw Alejandro & Myke Towers",La Nota
﻿Uruguay ,73,Fer Palacio,Previa y Cachengue 38 (Remix)
﻿Uruguay ,74,Bad Bunny & Jhay Cortez,DÁKITI
﻿Uruguay ,75,Gym Class Heroes Feat. Adam Levine,Stereo Hearts
﻿Uruguay ,76,Issam Alnajjar,Hadal Ahbek
﻿Uruguay ,77,Los Farandulay,El Peludo
﻿Uruguay ,78,Drake Feat. WizKid & Kyla,One Dance
﻿Uruguay ,79,Sebastián Yatra & Guaynaa,Chica Ideal
﻿Uruguay ,80,Gnarls Barkley,Crazy
﻿Uruguay ,81,Migrantes & Alico,Si Me Tomo Una Cerveza
﻿Uruguay ,82,Harry Styles,Golden
﻿Uruguay ,83,Lady Gaga & Bradley Cooper,Shallow
﻿Uruguay ,84,SoFaygo,Knock Knock
﻿Uruguay ,85,Men At Work,Down Under
﻿Uruguay ,86,"Nio Garcia, Casper Magico & Ozuna Feat. Wisin & Yandel, Myke Towers & Flow La Movie",Travesuras (Remix)
﻿Uruguay ,87,Daft Punk Feat. Pharrell Williams,Get Lucky
﻿Uruguay ,88,Baby Bash,Suga Suga
﻿Uruguay ,89,24kGoldn Feat. iann dior,Mood
﻿Uruguay ,90,"El Reja, Agustin Casanova & The La Planta",Bonita
﻿Uruguay ,91,"Jotape, CG & Yannick",A la Gente Le Dice Que No
﻿Uruguay ,92,Camilo & Evaluna Montaner,Machu Picchu
﻿Uruguay ,93,The Neighbourhood,Sweater Weather
﻿Uruguay ,94,Passenger,Let Her Go
﻿Uruguay ,95,Pedro Capó,Donde Hubo Amor
﻿Uruguay ,96,Lewis Capaldi,Someone You Loved
﻿Uruguay ,97,Rihanna,Where Have You Been
﻿Uruguay ,98,Juan y Rafa,Pa Allá
﻿Uruguay ,99,4 Non Blondes,What's Up?
﻿Uruguay ,100,Tommee Profitt Feat. Fleurie & Jung Youth,In The End
﻿Uruguay ,101,Aya Nakamura,Copines
﻿Uruguay ,102,"Wisin, Yandel & Farruko Feat. Jon Z, Don Chezina, Chencho Corleone & Myke Towers",3G (Remix)
﻿Uruguay ,103,Mother Mother,Hay Loft
﻿Uruguay ,104,Bring Me The Horizon,Can You Feel My Heart
﻿Uruguay ,105,Twenty One Pilots,Stressed Out
﻿Uruguay ,106,Maikitol Y El Chusco,Como A Rata
﻿Uruguay ,107,Marcelo D2 & Claudia,Desabafo / Deixa Eu Dizer
﻿Uruguay ,108,"Rusherking, Tiago PZK & Big One",Además de Mi
﻿Uruguay ,109,Cuatro Pesos De Propina,Mi Revolucion
﻿Uruguay ,110,Cosculluela,Guaya
﻿Uruguay ,111,Dirty Heads,Vacation
﻿Uruguay ,112,"Ozuna, J Balvin & Chencho Corleone",Una Locura
﻿Uruguay ,113,The Kid LAROI,WITHOUT YOU
﻿Uruguay ,114,ROSÉ,On The Ground
﻿Uruguay ,115,Hozier,Take Me To Church
﻿Uruguay ,116,Dylan Fuentes & Myke Towers & Dayme y El High,Ajena
﻿Uruguay ,117,Coolio Feat. L.V.,Gangsta's Paradise
﻿Uruguay ,118,Dame 5 & The La Planta,Sigue Bailando
﻿Uruguay ,119,Markitos Cumbiero,Bzrp L-gante Villarap Sessions
﻿Uruguay ,120,Roberto Carlos,Sua Estupidez
﻿Uruguay ,121,Harry Styles,Sign Of The Times
﻿Uruguay ,122,Leat'eq,Tokyo
﻿Uruguay ,123,Taylor Swift,cardigan
﻿Uruguay ,124,"Milly, Farruko & Nio Garcia Feat. Jay Wheeler & Amenazzy",No Te Enamores (Remix)
﻿Uruguay ,125,Maria Becerra & Rusherking,Confiesalo
﻿Uruguay ,126,Bajofondo & Natalia Oreiro,Будем танцевать (Listo Pa'Bailar)
﻿Uruguay ,127,Aaron Smith Feat. Luvli,Dancin (Krono Remix)
﻿Uruguay ,128,Raí Saia Rodada,Tapão Na Raba
﻿Uruguay ,129,Maria Becerra,Acaramelao
﻿Uruguay ,130,Fito Paez Feat. Lali,Gente en la Calle
﻿Uruguay ,131,Really Slow Motion,Deadwood
﻿Uruguay ,132,Bomba Estereo,Fuego
﻿Uruguay ,133,The Weeknd,In Your Eyes
﻿Uruguay ,134,DaBaby Feat. Roddy Ricch,Rockstar
﻿Uruguay ,135,CJ,Whoopty
﻿Uruguay ,136,Miley Cyrus,Midnight Sky
﻿Uruguay ,137,Kim Dracula,Paparazzi
﻿Uruguay ,138,Humbe,tú me hiciste volar
﻿Uruguay ,139,Humbe,Te Conocí en Japón
﻿Uruguay ,140,Rick Astley,Never Gonna Give You Up
﻿Uruguay ,141,Bizarrap & Nathy Peluso,"Nathy Peluso: Bzrp Music Sessions, Vol. 36"
﻿Uruguay ,142,Indila,Dernière Danse
﻿Uruguay ,143,Dennis DJ,Vamos Beber (Joga O Copo Pro Alto)
﻿Uruguay ,144,Alessia Cara,Here (Lucian Remix)
﻿Uruguay ,145,Doja Cat,Say So
﻿Uruguay ,146,Dua Lipa,Break My Heart
﻿Uruguay ,147,Maroon 5,Animals
﻿Uruguay ,148,Ed Sheeran,Perfect
﻿Uruguay ,149,Los Auténticos Decadentes & Mon Laferte,Amor (MTV Unplugged)
﻿Uruguay ,150,Edward Maya & Vika Jigulina,Stereo Love
﻿Uruguay ,151,"Wisin, Myke Towers & Los Legendarios",Mi Niña
﻿Uruguay ,152,Rauw Alejandro,Perreo Pesau'
﻿Uruguay ,153,Myke Towers,Explícito
﻿Uruguay ,154,kostromin,Моя голова винтом
﻿Uruguay ,155,"Wisin, Myke Towers & Maluma Feat. Anitta & Los Legendarios",Mi Niña (Remix)
﻿Uruguay ,156,DJ Joao & DJ Neey,Tendencias 2
﻿Uruguay ,157,Tom Odell,Another Love
﻿Uruguay ,158,Jason Derulo,Whatcha Say
﻿Uruguay ,159,Chencho Corleone & Juhn,Guilla de Crema
﻿Uruguay ,160,Maroon 5 & Megan Thee Stallion,Beautiful Mistakes
﻿Uruguay ,161,Modjo,Lady (Hear Me Tonight)
﻿Uruguay ,162,Jason Derulo Feat. 2 Chainz,Talk Dirty
﻿Uruguay ,163,Lilly Wood & The Prick & Robin Schulz,Prayer In C (Robin Schulz Radio Edit)
﻿Uruguay ,164,"Kevin Roldan, Bryant Myers & Lyanno",Hasta Abajo
﻿Uruguay ,165,George Michael,Careless Whisper
﻿Uruguay ,166,Whitney Houston,I Will Always Love You
﻿Uruguay ,167,O-Zone,Dragostea Din Tei (Original Romanian Version)
﻿Uruguay ,168,"J. Balvin, Dua Lipa, Bad Bunny & Tainy",UN DIA (ONE DAY)
﻿Uruguay ,169,Nicky Jam & Myke Towers,Polvo
﻿Uruguay ,170,Ovy On The Drums & Danny Ocean Feat. KAROL G,Miedito o Qué?
﻿Uruguay ,171,Gloria Gaynor,I Will Survive
﻿Uruguay ,172,Black Pumas,Colors
﻿Uruguay ,173,"Lyanno, Rauw Alejandro & Lenny Tavarez Feat. Maria Becerra",En Tu Cuerpo (Remix)
﻿Uruguay ,174,Maria Becerra & Cazzu,Animal
﻿Uruguay ,175,Maluma,Agua de Jamaica
﻿Uruguay ,176,Crash Test Dummies,Mmm Mmm Mmm Mmm
﻿Uruguay ,177,Scorpions,Still Loving You
﻿Uruguay ,178,Pháo,2 Phút Hơn [KAIZ Remix]
﻿Uruguay ,179,MYA,Te Quiero X Eso
﻿Uruguay ,180,Fastball,The Way
﻿Uruguay ,181,Queen,Another One Bites The Dust
﻿Uruguay ,182,Gwen Stefani,Hollaback Girl
﻿Uruguay ,183,Jason Mraz,I'm Yours
﻿Uruguay ,184,Nio García & Casper Mágico,Travesuras
﻿Uruguay ,185,"DJ Tao, L-Gante & Papu DJ",L - Gante Rkt (Remix)
﻿Uruguay ,186,Manuel Turizo & Wisin & Yandel,Mala Costumbre
﻿Uruguay ,187,Ludovico Einaudi,Experience
﻿Uruguay ,188,Coldplay,Yellow
﻿Uruguay ,189,"Amenazzy, Nicky Jam & Farruko",Baby
﻿Uruguay ,190,Lewis Capaldi,Before You Go
﻿Uruguay ,191,Joel Corry Feat. MNEK,Head & Heart
﻿Uruguay ,192,Oriana & Rusherking,Lo Que Tienes
﻿Uruguay ,193,Sergio Valentino,Drive Forever (Remix)
﻿Uruguay ,194,Avicii,The Nights
﻿Uruguay ,195,Ellie Goulding,Love Me Like You Do
﻿Uruguay ,196,Rihanna,Needed Me (Cosmic Dawn Club Mix)
﻿Uruguay ,197,Maroon 5,Memories
﻿Uruguay ,198,The La Planta & Pushi,El Cielo a un Diablo
﻿Uruguay ,199,Edith Whiskers,Home
﻿Uruguay ,200,Ritchie,Menina Veneno
﻿Argentina ,1,"Bruno Mars, Anderson .Paak & Silk Sonic",Leave The Door Open
﻿Argentina ,2,Kali Uchis,telepatía
﻿Argentina ,3,The Weeknd,Save Your Tears
﻿Argentina ,4,Olivia Rodrigo,drivers license
﻿Argentina ,5,"Rochy RD, Myke Towers & NICKI NICOLE",Ella No Es Tuya (Remix)
﻿Argentina ,6,The Weeknd,Blinding Lights
﻿Argentina ,7,ElyOtto,SugarCrash!
﻿Argentina ,8,Harry Styles,Watermelon Sugar
﻿Argentina ,9,ROSÉ,On The Ground
﻿Argentina ,10,Masked Wolf,Astronaut In The Ocean
﻿Argentina ,11,Myke Towers & Juhn,Bandido
﻿Argentina ,12,Dura DJ,"Y Si el Pueblo Pide, Ponle"
﻿Argentina ,13,"Rusherking, Khea & Duki Feat. Maria Becerra, Lit Killah & Tiago PZK",Además de Mí (Remix)
﻿Argentina ,14,Papu DJ,La Guerra
﻿Argentina ,15,Farruko,Coolant
﻿Argentina ,16,Dua Lipa,We're Good
﻿Argentina ,17,Kaleo,Way Down We Go
﻿Argentina ,18,BTS,Dynamite
﻿Argentina ,19,Bizarrap & L-Gante,"L-Gante: Bzrp Music Sessions, Vol.38"
﻿Argentina ,20,"Kallde El Rey Del Placer""""",La Llevo Al Cielo
﻿Argentina ,21,Pascal Letoublon,Friendships
﻿Argentina ,22,Kiddtetoon & Diego Smith,Illuminati
﻿Argentina ,23,Dua Lipa,Levitating
﻿Argentina ,24,Luis Fonsi & Rauw Alejandro,Vacío
﻿Argentina ,25,David Guetta & Sia,Let's Love
﻿Argentina ,26,Boney M.,Rasputin
﻿Argentina ,27,Selena Gomez & Rauw Alejandro,Baila Conmigo
﻿Argentina ,28,Gotye Feat. Kimbra,Somebody That I Used To Know
﻿Argentina ,29,GIVĒON,HEARTBREAK ANNIVERSARY
﻿Argentina ,30,Tesher,Jalebi Baby
﻿Argentina ,31,Dua Lipa,Don't Start Now
﻿Argentina ,32,Gym Class Heroes Feat. Patrick Stump,Cupid's Chokehold
﻿Argentina ,33,Duncan Laurence,Arcade
﻿Argentina ,34,No Te Va Gustar & NICKI NICOLE,Venganza
﻿Argentina ,35,SZA & Justin Timberlake,The Other Side
﻿Argentina ,36,LA YOUNG,Como Estrellas
﻿Argentina ,37,kostromin,Моя голова винтом
﻿Argentina ,38,Sech,911
﻿Argentina ,39,CNCO,Dejaría Todo
﻿Argentina ,40,Camilo & El Alfa,BEBÉ
﻿Argentina ,41,CNCO,Tan Enamorados
﻿Argentina ,42,Bring Me The Horizon,Can You Feel My Heart
﻿Argentina ,43,Fer Palacio,Previa y Cachengue 38 (Remix)
﻿Argentina ,44,Post Malone,Only Wanna Be With You (Pokémon 25 Version)
﻿Argentina ,45,SAINt JHN,Roses (Imanbek Remix)
﻿Argentina ,46,Daddy Yankee,PROBLEMA
﻿Argentina ,47,ROSÉ,Gone
﻿Argentina ,48,Tones And I,Dance Monkey
﻿Argentina ,49,Gym Class Heroes Feat. Adam Levine,Stereo Hearts
﻿Argentina ,50,Hippie Sabotage,Devil Eyes
﻿Argentina ,51,The Neighbourhood,Sweater Weather
﻿Argentina ,52,24kGoldn Feat. iann dior,Mood
﻿Argentina ,53,Rauw Alejandro & Anuel AA,Reloj
﻿Argentina ,54,Tom Odell,Another Love
﻿Argentina ,55,Natti Natasha & Prince Royce,ANTES QUE SALGA EL SOL
﻿Argentina ,56,Harry Styles,Golden
﻿Argentina ,57,Bad Bunny & Jhay Cortez,DÁKITI
﻿Argentina ,58,Harry Styles,Sign Of The Times
﻿Argentina ,59,Bad Bunny & ROSALÍA,LA NOCHE DE ANOCHE
﻿Argentina ,60,Bruno Mars,Locked Out Of Heaven
﻿Argentina ,61,Drake Feat. WizKid & Kyla,One Dance
﻿Argentina ,62,Dirty Heads,Vacation
﻿Argentina ,63,"ATB, Topic & A7S",Your Love (9PM)
﻿Argentina ,64,Tiësto,The Business
﻿Argentina ,65,Sebastián Yatra & Guaynaa,Chica Ideal
﻿Argentina ,66,Really Slow Motion,Deadwood
﻿Argentina ,67,SoFaygo,Knock Knock
﻿Argentina ,68,Magic!,Rude
﻿Argentina ,69,Gwen Stefani,Hollaback Girl
﻿Argentina ,70,"Maluma, Rauw Alejandro & Beéle Feat. Darell, Mambo Kingz & DJ Luian",Aloha
﻿Argentina ,71,Coldplay,Hymn For The Weekend
﻿Argentina ,72,Doja Cat,Say So
﻿Argentina ,73,Papu DJ & L-Gante,L-Gante Rkt
﻿Argentina ,74,"KAROL G, Anuel AA & J Balvin",LOCATION
﻿Argentina ,75,Mother Mother,Hay Loft
﻿Argentina ,76,Tones And I,Fly Away
﻿Argentina ,77,Leat'eq,Tokyo
﻿Argentina ,78,Travis Scott & HVME,Goosebumps (Remix)
﻿Argentina ,79,George Michael,Careless Whisper
﻿Argentina ,80,Maroon 5 & Megan Thee Stallion,Beautiful Mistakes
﻿Argentina ,81,Lewis Capaldi,Someone You Loved
﻿Argentina ,82,Ovy On The Drums & Danny Ocean Feat. KAROL G,Miedito o Qué?
﻿Argentina ,83,"Los Legendarios, Wisin & Jhay Cortez",Fiel
﻿Argentina ,84,Miley Cyrus,Angels Like You
﻿Argentina ,85,Black Pumas,Colors
﻿Argentina ,86,Migrantes & Alico,Si Me Tomo Una Cerveza
﻿Argentina ,87,Indila,Dernière Danse
﻿Argentina ,88,Foreigner,I Want To Know What Love Is
﻿Argentina ,89,Oriana & Rusherking,Lo Que Tienes
﻿Argentina ,90,Rihanna,Where Have You Been
﻿Argentina ,91,Post Malone,Circles
﻿Argentina ,92,Tommee Profitt Feat. Fleurie & Jung Youth,In The End
﻿Argentina ,93,Darkiell,Sigue Bailandome
﻿Argentina ,94,Kim Dracula,Paparazzi
﻿Argentina ,95,Jason Derulo,Whatcha Say
﻿Argentina ,96,Issam Alnajjar,Hadal Ahbek
﻿Argentina ,97,Alessia Cara,Here (Lucian Remix)
﻿Argentina ,98,Boza,Hecha Pa' Mi
﻿Argentina ,99,Avicii,The Nights
﻿Argentina ,100,Sam Smith,Diamonds
﻿Argentina ,101,Ludovico Einaudi,Experience
﻿Argentina ,102,Camilo & Evaluna Montaner,Machu Picchu
﻿Argentina ,103,KAROL G,BICHOTA
﻿Argentina ,104,Markitos Cumbiero,Bzrp L-gante Villarap Sessions
﻿Argentina ,105,Never Get Used To People,Life Letters
﻿Argentina ,106,La K'onga,El Mismo Aire
﻿Argentina ,107,Eurythmics,Sweet Dreams (Are Made Of This)
﻿Argentina ,108,Twenty One Pilots,Stressed Out
﻿Argentina ,109,Aya Nakamura,Copines
﻿Argentina ,110,Capital Cities,Safe And Sound
﻿Argentina ,111,Queen,Another One Bites The Dust
﻿Argentina ,112,Humbe,Te Conocí en Japón
﻿Argentina ,113,Alt-J,Breezeblocks
﻿Argentina ,114,347aidan,Dancing in My Room
﻿Argentina ,115,Master KG Feat. Nomcebo Zikode,Jerusalema
﻿Argentina ,116,Taylor Swift,cardigan
﻿Argentina ,117,Bizarrap & Nathy Peluso,"Nathy Peluso: Bzrp Music Sessions, Vol. 36"
﻿Argentina ,118,Canyon City,Fix You
﻿Argentina ,119,Cardi B,Up
﻿Argentina ,120,Doja Cat,Streets
﻿Argentina ,121,Maria Becerra,Acaramelao
﻿Argentina ,122,Topic & A7S,Breaking Me
﻿Argentina ,123,"Milly, Farruko & Nio Garcia Feat. Jay Wheeler & Amenazzy",No Te Enamores (Remix)
﻿Argentina ,124,Hozier,Take Me To Church
﻿Argentina ,125,Sheck Wes,Mo Bamba
﻿Argentina ,126,MYA & HA-ASH,Fuiste Mía
﻿Argentina ,127,Aaron Smith Feat. Luvli,Dancin (Krono Remix)
﻿Argentina ,128,Ellie Goulding,Love Me Like You Do
﻿Argentina ,129,"Wisin, Yandel & Farruko Feat. Jon Z, Don Chezina, Chencho Corleone & Myke Towers",3G (Remix)
﻿Argentina ,130,Jason Derulo Feat. 2 Chainz,Talk Dirty
﻿Argentina ,131,Beach Bunny,Cloud 9
﻿Argentina ,132,Calvin Harris & Rag'n'Bone Man,Giant
﻿Argentina ,133,Nicky Jam & Romeo Santos,Fan de Tus Fotos
﻿Argentina ,134,Haddaway,What Is Love
﻿Argentina ,135,DaBaby Feat. Roddy Ricch,Rockstar
﻿Argentina ,136,Baby Bash,Suga Suga
﻿Argentina ,137,Sergio Valentino,Drive Forever
﻿Argentina ,138,Imagine Dragons,Believer
﻿Argentina ,139,Lizz Robinett Feat. L-Train & Y. Chang,Renai Circulation (English Cover) [TV Size]
﻿Argentina ,140,Roar,I Can't Handle Change
﻿Argentina ,141,Stevie Appleton,Paradise (with Sam Feldt)
﻿Argentina ,142,Sergio Valentino,Drive Forever (Remix)
﻿Argentina ,143,Dua Lipa,Break My Heart
﻿Argentina ,144,"Migrantes, Oscu & Rombai Feat. Agapornis, Alico & Nico Valdi",Si Me Tomo una Cerveza (Remix)
﻿Argentina ,145,"Rusherking, Tiago PZK & Big One",Además de Mi
﻿Argentina ,146,Coolio Feat. L.V.,Gangsta's Paradise
﻿Argentina ,147,HAIM,The Steps
﻿Argentina ,148,Kungs & Cookin' On 3 Burners,This Girl
﻿Argentina ,149,Pháo,2 Phút Hơn [KAIZ Remix]
﻿Argentina ,150,Cosculluela,Guaya
﻿Argentina ,151,Modjo,Lady (Hear Me Tonight)
﻿Argentina ,152,Ashnikko Feat. Princess Nokia,Slumber Party
﻿Argentina ,153,Childish Gambino,Redbone
﻿Argentina ,154,Miley Cyrus Feat. Dua Lipa,Prisoner
﻿Argentina ,155,Los Farandulay,El Peludo
﻿Argentina ,156,Grover Washington Jr.,Just The Two Of Us
﻿Argentina ,157,Laura Branigan,Self Control
﻿Argentina ,158,Leyla Blue,What A Shame
﻿Argentina ,159,Kartashow & Мари Краймбрери,Золото (Rakurs & Ramirez Remix)
﻿Argentina ,160,Harry Styles,Adore You
﻿Argentina ,161,Foster The People,Pumped Up Kicks
﻿Argentina ,162,Cutting Crew,(I Just) Died In Your Arms
﻿Argentina ,163,Eminem,The Real Slim Shady
﻿Argentina ,164,"NICKI NICOLE, Dread Mar I & Bizarrap",Verte
﻿Argentina ,165,4 Non Blondes,What's Up?
﻿Argentina ,166,Daft Punk Feat. Pharrell Williams,Get Lucky
﻿Argentina ,167,Dennis DJ,Vamos Beber (Joga O Copo Pro Alto)
﻿Argentina ,168,Coldplay,Yellow
﻿Argentina ,169,Daft Punk Feat. Julian Casablancas,Instant Crush
﻿Argentina ,170,Daddy Yankee & Marc Anthony,De Vuelta Pa' La Vuelta
﻿Argentina ,171,Marina & The Diamonds,Bubblegum Bitch
﻿Argentina ,172,INXS,Never Tear Us Apart
﻿Argentina ,173,Creedence Clearwater Revival,Have You Ever Seen The Rain?
﻿Argentina ,174,R.E.M.,Losing My Religion
﻿Argentina ,175,Post Malone,Hollywood's Bleeding
﻿Argentina ,176,Bronski Beat,Smalltown Boy
﻿Argentina ,177,Hoobastank,The Reason
﻿Argentina ,178,Migos Feat. Young Thug,YRN
﻿Argentina ,179,James Vincent McMorrow,Higher Love
﻿Argentina ,180,Fool's Garden,Lemon Tree
﻿Argentina ,181,Keane,Somewhere Only We Know
﻿Argentina ,182,"KHEA, Natti Natasha & Prince Royce Feat. Lenny Santos",Ayer Me Llamó Mi Ex (Remix)
﻿Argentina ,183,Maria Becerra & Cazzu,Animal
﻿Argentina ,184,Fito Paez Feat. Lali,Gente en la Calle
﻿Argentina ,185,Camilo & Pablo Alborán,El Mismo Aire
﻿Argentina ,186,Maria Becerra & Rusherking,Confiesalo
﻿Argentina ,187,Marcelo D2 & Claudia,Desabafo / Deixa Eu Dizer
﻿Argentina ,188,Nathan Evans,Wellerman (Sea Shanty)
﻿Argentina ,189,Maroon 5,Animals
﻿Argentina ,190,Eduardo Luzquiños & EZRA,Yrn (Remix)
﻿Argentina ,191,Billie Eilish,everything i wanted
﻿Argentina ,192,"Kevin Roldan, Bryant Myers & Lyanno",Hasta Abajo
﻿Argentina ,193,Carlos Rivera & Maluma,100 Años
﻿Argentina ,194,John Newman,Love Me Again
﻿Argentina ,195,MGMT,Little Dark Age
﻿Argentina ,196,Paul Anka,Put Your Head On My Shoulder
﻿Argentina ,197,Jason Derulo,Take You Dancing
﻿Argentina ,198,Justin Bieber,Hold On
﻿Argentina ,199,Bee Gees,Stayin' Alive
﻿Argentina ,200,Regard,Ride It
﻿Costa Rica ,1,Carlos Rivera & Maluma,100 Años
﻿Costa Rica ,2,"Rochy RD, Myke Towers & NICKI NICOLE",Ella No Es Tuya (Remix)
﻿Costa Rica ,3,Myke Towers & Juhn,Bandido
﻿Costa Rica ,4,Olivia Rodrigo,drivers license
﻿Costa Rica ,5,Kali Uchis,telepatía
﻿Costa Rica ,6,Christian Nodal & Ángela Aguilar,Dime Cómo Quieres
﻿Costa Rica ,7,"Kevin Roldan, Bryant Myers & Lyanno",Hasta Abajo
﻿Costa Rica ,8,Lady Saw,Ragga Tonseh
﻿Costa Rica ,9,Sech,911
﻿Costa Rica ,10,GIVĒON,HEARTBREAK ANNIVERSARY
﻿Costa Rica ,11,Jessi Uribe,La Culpa
﻿Costa Rica ,12,Masked Wolf,Astronaut In The Ocean
﻿Costa Rica ,13,"Milly, Farruko & Nio Garcia Feat. Jay Wheeler & Amenazzy",No Te Enamores (Remix)
﻿Costa Rica ,14,Issam Alnajjar,Hadal Ahbek
﻿Costa Rica ,15,"Bruno Mars, Anderson .Paak & Silk Sonic",Leave The Door Open
﻿Costa Rica ,16,The Weeknd,Blinding Lights
﻿Costa Rica ,17,Manuel Turizo & Wisin & Yandel,Mala Costumbre
﻿Costa Rica ,18,"Lyanno, Rauw Alejandro & Lenny Tavarez Feat. Maria Becerra",En Tu Cuerpo (Remix)
﻿Costa Rica ,19,Daddy Yankee & Marc Anthony,De Vuelta Pa' La Vuelta
﻿Costa Rica ,20,Rauw Alejandro & Anuel AA,Reloj
﻿Costa Rica ,21,Maluma,Agua de Jamaica
﻿Costa Rica ,22,Camilo & El Alfa,BEBÉ
﻿Costa Rica ,23,Selena Gomez & Rauw Alejandro,Baila Conmigo
﻿Costa Rica ,24,"Los Legendarios, Wisin & Jhay Cortez",Fiel
﻿Costa Rica ,25,The Weeknd,Save Your Tears
﻿Costa Rica ,26,ElyOtto,SugarCrash!
﻿Costa Rica ,27,"KAROL G, Anuel AA & J Balvin",LOCATION
﻿Costa Rica ,28,Boza,Hecha Pa' Mi
﻿Costa Rica ,29,Farruko,Coolant
﻿Costa Rica ,30,Llane,Como Antes
﻿Costa Rica ,31,"Ricardo Montaner, Camilo & Mau y Ricky Feat. Evaluna Montaner",Amén (Acústico)
﻿Costa Rica ,32,Nicky Jam & Romeo Santos,Fan de Tus Fotos
﻿Costa Rica ,33,Daddy Yankee,PROBLEMA
﻿Costa Rica ,34,Sebastián Yatra & Guaynaa,Chica Ideal
﻿Costa Rica ,35,Kiddtetoon & Diego Smith,Illuminati
﻿Costa Rica ,36,Ovy On The Drums & Danny Ocean Feat. KAROL G,Miedito o Qué?
﻿Costa Rica ,37,Gotye Feat. Kimbra,Somebody That I Used To Know
﻿Costa Rica ,38,Tesher,Jalebi Baby
﻿Costa Rica ,39,Bad Bunny & Jhay Cortez,DÁKITI
﻿Costa Rica ,40,Bad Bunny & ROSALÍA,LA NOCHE DE ANOCHE
﻿Costa Rica ,41,Sebastián Yatra,Adiós
﻿Costa Rica ,42,Paola Jara,No Me Preguntes
﻿Costa Rica ,43,Joss Favela & Jessi Uribe,El Alumno
﻿Costa Rica ,44,Alejandro Fernández & Christian Nodal,Duele
﻿Costa Rica ,45,Natti Natasha & Prince Royce,ANTES QUE SALGA EL SOL
﻿Costa Rica ,46,"Wisin, Myke Towers & Los Legendarios",Mi Niña
﻿Costa Rica ,47,kostromin,Моя голова винтом
﻿Costa Rica ,48,Humbe,Te Conocí en Japón
﻿Costa Rica ,49,LA YOUNG,Como Estrellas
﻿Costa Rica ,50,Black Eyed Peas & Shakira,GIRL LIKE ME
﻿Costa Rica ,51,Boney M.,Rasputin
﻿Costa Rica ,52,Christian Nodal,Aquí Abajo
﻿Costa Rica ,53,Gym Class Heroes Feat. Patrick Stump,Cupid's Chokehold
﻿Costa Rica ,54,347aidan,Dancing in My Room
﻿Costa Rica ,55,El Fantasma & Los Dos Carnales,Cabrón y Vago
﻿Costa Rica ,56,Tones And I,Dance Monkey
﻿Costa Rica ,57,Drake Feat. WizKid & Kyla,One Dance
﻿Costa Rica ,58,DJ Nazil,Ragga Cardiac Bass Classic Hits
﻿Costa Rica ,59,Piso 21 & Maluma,Más De La Una
﻿Costa Rica ,60,Kaleo,Way Down We Go
﻿Costa Rica ,61,Reik & Christian Nodal,Poco
﻿Costa Rica ,62,Aya Nakamura,Copines
﻿Costa Rica ,63,CNCO,Tan Enamorados
﻿Costa Rica ,64,Foreigner,I Want To Know What Love Is
﻿Costa Rica ,65,Yeison Jimenez,Tu Amante
﻿Costa Rica ,66,Collie Buddz,Love & Reggae
﻿Costa Rica ,67,DJ Glad & Blaiz Fayah,Bubble & Whine
﻿Costa Rica ,68,Dua Lipa,Don't Start Now
﻿Costa Rica ,69,Fousheé,Deep End
﻿Costa Rica ,70,BTS,Dynamite
﻿Costa Rica ,71,Jessi Uribe,Dulce Pecado
﻿Costa Rica ,72,KAROL G,BICHOTA
﻿Costa Rica ,73,Camilo,Ropa Cara
﻿Costa Rica ,74,Camilo,Vida de Rico
﻿Costa Rica ,75,The Hollies,Long Cool Woman (In A Black Dress)
﻿Costa Rica ,76,Dua Lipa,We're Good
﻿Costa Rica ,77,J Boog,Let's Do It Again
﻿Costa Rica ,78,4 Non Blondes,What's Up?
﻿Costa Rica ,79,"Kallde El Rey Del Placer""""",La Llevo Al Cielo
﻿Costa Rica ,80,Jessi Uribe,Matemos Las Ganas
﻿Costa Rica ,81,"Migrantes, Oscu & Rombai Feat. Agapornis, Alico & Nico Valdi",Si Me Tomo una Cerveza (Remix)
﻿Costa Rica ,82,Creedence Clearwater Revival,Have You Ever Seen The Rain?
﻿Costa Rica ,83,Harry Styles,Sign Of The Times
﻿Costa Rica ,84,Bruno Mars,Locked Out Of Heaven
﻿Costa Rica ,85,DaBaby Feat. Roddy Ricch,Rockstar
﻿Costa Rica ,86,Gym Class Heroes Feat. Adam Levine,Stereo Hearts
﻿Costa Rica ,87,Blaiz Fayah,Best Gyal
﻿Costa Rica ,88,CNCO,Dejaría Todo
﻿Costa Rica ,89,Grupo Extra Feat. Mayker,"Que Sufra, Que Chupe y Que Llore [Bachata Version]"
﻿Costa Rica ,90,Duncan Laurence,Arcade
﻿Costa Rica ,91,Master KG Feat. Nomcebo Zikode,Jerusalema
﻿Costa Rica ,92,Luis Fonsi & Rauw Alejandro,Vacío
﻿Costa Rica ,93,Redbone,Come And Get Your Love
﻿Costa Rica ,94,Stefflon Don,16 Shots
﻿Costa Rica ,95,Harry Styles,Golden
﻿Costa Rica ,96,Jay Wheeler & DJ Nelson Feat. Myke Towers,La Curiosidad
﻿Costa Rica ,97,La Oreja de Van Gogh,Durante una Mirada
﻿Costa Rica ,98,Migrantes & Alico,Si Me Tomo Una Cerveza
﻿Costa Rica ,99,Camilo & Evaluna Montaner,Machu Picchu
﻿Costa Rica ,100,Hippie Sabotage,Devil Eyes
﻿Costa Rica ,101,The Neighbourhood,Sweater Weather
﻿Costa Rica ,102,"Manuel Turizo, Rauw Alejandro & Myke Towers",La Nota
﻿Costa Rica ,103,Anuel AA & Ozuna,Antes
﻿Costa Rica ,104,Avicii,The Nights
﻿Costa Rica ,105,Gary Glitter,"Rock And Roll, Part 2"
﻿Costa Rica ,106,Gyptian,Slr
﻿Costa Rica ,107,Ed Sheeran,Afterglow
﻿Costa Rica ,108,24kGoldn Feat. iann dior,Mood
﻿Costa Rica ,109,Evaluna Montaner,Uno Más Uno
﻿Costa Rica ,110,Lewis Capaldi,Someone You Loved
﻿Costa Rica ,111,Indila,Dernière Danse
﻿Costa Rica ,112,Super Lamas,Todo Lo Encuentro En Ti
﻿Costa Rica ,113,Darkiell,Sigue Bailandome
﻿Costa Rica ,114,Farruko,La Tóxica
﻿Costa Rica ,115,Dua Lipa,Levitating
﻿Costa Rica ,116,Farruko & Myke Towers,Oh Mama (Premium)
﻿Costa Rica ,117,Kim Dracula,Paparazzi
﻿Costa Rica ,118,Magic!,Rude
﻿Costa Rica ,119,Kany García & Camilo,Titanic
﻿Costa Rica ,120,Tom Odell,Another Love
﻿Costa Rica ,121,Santa Esmeralda Feat. Leroy Gomez,"The House Of The Rising Sun/Quasimodo Suite (7 Instrumental)"""
﻿Costa Rica ,122,Toledo,Otra Ronda
﻿Costa Rica ,123,Ava Max,My Head & My Heart
﻿Costa Rica ,124,Queen,Another One Bites The Dust
﻿Costa Rica ,125,"Ghettospm, Farruko & Nino Freestyle",No Hago Coro
﻿Costa Rica ,126,Gage,Throat
﻿Costa Rica ,127,SAINt JHN,Roses (Imanbek Remix)
﻿Costa Rica ,128,SZA & Justin Timberlake,The Other Side
﻿Costa Rica ,129,Rag'n'Bone Man,All You Ever Wanted
﻿Costa Rica ,130,SoFaygo,Knock Knock
﻿Costa Rica ,131,Modern Talking,"You're My Heart, You're My Soul"
﻿Costa Rica ,132,Mr. Vegas & Lizi & Walshy Fire,So High
﻿Costa Rica ,133,Laura Branigan,Self Control
﻿Costa Rica ,134,Yuridia,Él Lo Tiene Todo
﻿Costa Rica ,135,Camilo & Christian Nodal,La Mitad
﻿Costa Rica ,136,Papu DJ,La Guerra
﻿Costa Rica ,137,"Rusherking, Khea & Duki Feat. Maria Becerra, Lit Killah & Tiago PZK",Además de Mí (Remix)
﻿Costa Rica ,138,Dylan Fuentes & Myke Towers & Dayme y El High,Ajena
﻿Costa Rica ,139,"Yan Block, Jay Wheeler & DJ Nelson",Vete Pal Carajo
﻿Costa Rica ,140,Coolio Feat. L.V.,Gangsta's Paradise
﻿Costa Rica ,141,Opus,Live Is Life
﻿Costa Rica ,142,ROSÉ,On The Ground
﻿Costa Rica ,143,Ed Sheeran,Perfect
﻿Costa Rica ,144,Marc Anthony,Un Amor Eterno
﻿Costa Rica ,145,Leon Leiden,Desamor Feliz (Pura Sal)
﻿Costa Rica ,146,Leat'eq,Tokyo
﻿Costa Rica ,147,Jerry Di,Mi Cuarto
﻿Costa Rica ,148,Maluma,Hawái
﻿Costa Rica ,149,Rauw Alejandro Feat. Chencho,El Efecto
﻿Costa Rica ,150,Eurythmics,Sweet Dreams (Are Made Of This)
﻿Costa Rica ,151,Cardi B,Up
﻿Costa Rica ,152,Bizarrap & Nathy Peluso,"Nathy Peluso: Bzrp Music Sessions, Vol. 36"
﻿Costa Rica ,153,Kim Carnes,Bette Davis Eyes
﻿Costa Rica ,154,Passenger,Let Her Go
﻿Costa Rica ,155,"Wisin, Yandel & Farruko Feat. Jon Z, Don Chezina, Chencho Corleone & Myke Towers",3G (Remix)
﻿Costa Rica ,156,Humbe,tú me hiciste volar
﻿Costa Rica ,157,Lyanno,En Tu Cuerpo
﻿Costa Rica ,158,Grover Washington Jr.,Just The Two Of Us
﻿Costa Rica ,159,Christina Perri,A Thousand Years
﻿Costa Rica ,160,Gwen Stefani,Hollaback Girl
﻿Costa Rica ,161,Aya Nakamura,Djadja
﻿Costa Rica ,162,Ednita Nazario Feat. Luis Fonsi,Se Nos Fue la Mano
﻿Costa Rica ,163,Chaka Demus & Pliers,Murder She Wrote
﻿Costa Rica ,164,Starship,Nothing's Gonna Stop Us Now
﻿Costa Rica ,165,John Fogerty,The Old Man Down The Road
﻿Costa Rica ,166,Doja Cat,Say So
﻿Costa Rica ,167,SoulChef Feat. Nieve,Write This Down
﻿Costa Rica ,168,M.O.B Feat. DJ Madness,Fess Ka Fe Bang [Radio Edit]
﻿Costa Rica ,169,Doja Cat,Streets
﻿Costa Rica ,170,Hozier,Take Me To Church
﻿Costa Rica ,171,Dua Lipa,Love Again
﻿Costa Rica ,172,Maxi Priest,Wild World
﻿Costa Rica ,173,Foster The People,Pumped Up Kicks
﻿Costa Rica ,174,Jawsh 685 & Jason Derulo,Savage Love (Laxed - Siren Beat)
﻿Costa Rica ,175,"Master KG Feat. Micro Tdh, Greeicy & Nomcebo Zikode",Jerusalema [Remix]
﻿Costa Rica ,176,AURORA,Runaway
﻿Costa Rica ,177,Bring Me The Horizon,Can You Feel My Heart
﻿Costa Rica ,178,Childish Gambino,Redbone
﻿Costa Rica ,179,Bad Bunny,TE MUDASTE
﻿Costa Rica ,180,Dirty Heads,Vacation
﻿Costa Rica ,181,Cutty Ranks,Limb By Limb
﻿Costa Rica ,182,Pascal Letoublon,Friendships
﻿Costa Rica ,183,Really Slow Motion,Deadwood
﻿Costa Rica ,184,Lizz Robinett Feat. L-Train & Y. Chang,Renai Circulation (English Cover) [TV Size]
﻿Costa Rica ,185,Christian Nodal,Nace Un Borracho
﻿Costa Rica ,186,Eiffel 65,Blue (Da Ba Dee)
﻿Costa Rica ,187,Eminem,Fack
﻿Costa Rica ,188,Sheck Wes,Mo Bamba
﻿Costa Rica ,189,Twenty One Pilots,Stressed Out
﻿Costa Rica ,190,The Police,Every Breath You Take
﻿Costa Rica ,191,Alan Walker,Faded
﻿Costa Rica ,192,Mother Mother,Hay Loft
﻿Costa Rica ,193,"Ozuna, J Balvin & Chencho Corleone",Una Locura
﻿Costa Rica ,194,Vybz Kartel,Fever
﻿Costa Rica ,195,Christian Nodal,De Los Besos Que Te Di
﻿Costa Rica ,196,Tiësto,The Business
﻿Costa Rica ,197,Nicky Jam & Myke Towers,Polvo
﻿Costa Rica ,198,MYA & HA-ASH,Fuiste Mía
﻿Costa Rica ,199,Haddaway,What Is Love
﻿Costa Rica ,200,Jason Derulo,Whatcha Say
﻿Brazil ,1,Harry Styles,Watermelon Sugar
﻿Brazil ,2,GIVĒON,HEARTBREAK ANNIVERSARY
﻿Brazil ,3,Cyndi Lauper,True Colors
﻿Brazil ,4,Th CDM,Preta Do Cabelo Cacheado
﻿Brazil ,5,Masked Wolf,Astronaut In The Ocean
﻿Brazil ,6,Malu & DJ Lucas Beat,Disco Arranhado (Funk Remix)
﻿Brazil ,7,Kali Uchis,telepatía
﻿Brazil ,8,Israel & Rodolffo,Batom de Cereja (Ao Vivo)
﻿Brazil ,9,MC GW Part. MC Saci,Baile De Favela É Melhor Que Paris
﻿Brazil ,10,Raí Saia Rodada,Tapão Na Raba
﻿Brazil ,11,Tiësto,The Business
﻿Brazil ,12,"Bruno Mars, Anderson .Paak & Silk Sonic",Leave The Door Open
﻿Brazil ,13,William Fitzsimmons,I Kissed A Girl
﻿Brazil ,14,Alok,Alive (It Feels Like)
﻿Brazil ,15,Olivia Rodrigo,drivers license
﻿Brazil ,16,Lorde,Everybody Wants To Rule The World (From “the Hunger Games: Catching Fire” Soundtrack)
﻿Brazil ,17,Harry Styles,Sign Of The Times
﻿Brazil ,18,DJ DOLA do TRIÂNGULO & MC GN SHEIK,Por Cima Tu Ta de Mais - Mtg 2020
﻿Brazil ,19,Matuê,Gorilla Roxo
﻿Brazil ,20,Bastille,Pompeii
﻿Brazil ,21,ElyOtto,SugarCrash!
﻿Brazil ,22,Duncan Laurence,Arcade
﻿Brazil ,23,Kaleo,Way Down We Go
﻿Brazil ,24,The Weeknd,Blinding Lights
﻿Brazil ,25,Dj Wesley Gonzaga Feat. mc laureta & Mc Cyclope,Sarra Nela Com Fuzil Na Bandolera
﻿Brazil ,26,Jack Trammell,Sail
﻿Brazil ,27,MC Cego Abusado,Cabelninho Na Regua
﻿Brazil ,28,DJ Matt D & Menor MC,Tipo Gringa
﻿Brazil ,29,Yamashita Feat. Cabrxlzin & Vix,Foto do Pé
﻿Brazil ,30,Dj Wesley Gonzaga,MEGA PRA ELAS JOGA (MC MR BIM E MC SACI DJ WESLEY GONZAGA)
﻿Brazil ,31,Issam Alnajjar,Hadal Ahbek
﻿Brazil ,32,Alok & Ilkay Sencan Feat. Tove Lo,Don't Say Goodbye
﻿Brazil ,33,Gotye Feat. Kimbra,Somebody That I Used To Know
﻿Brazil ,34,"Xand Avião, DJ Ivis & Mc Danny",Não Pode Se Apaixonar
﻿Brazil ,35,Rema,Fame - A COLORS ENCORE
﻿Brazil ,36,Hippie Sabotage,Devil Eyes
﻿Brazil ,37,SAINt JHN,Roses (Imanbek Remix)
﻿Brazil ,38,Black Eyed Peas & Shakira,GIRL LIKE ME
﻿Brazil ,39,Ariana Grande & Doja Cat,motive
﻿Brazil ,40,MEDUZA Feat. Dermot Kennedy,Paradise
﻿Brazil ,41,Devildriver,Sail
﻿Brazil ,42,Diego & Victor Hugo & Bruno & Marrone,Facas (Ao Vivo)
﻿Brazil ,43,24kGoldn Feat. iann dior,Mood
﻿Brazil ,44,Teto Feat. Matuê,M4
﻿Brazil ,45,SZA & Justin Timberlake,The Other Side
﻿Brazil ,46,REAL PS,Chá
﻿Brazil ,47,"Internet Money, Gunna & Don Toliver Feat. NAV",Lemonade
﻿Brazil ,48,Jorge & Mateus,Paredes (Ao Vivo)
﻿Brazil ,49,kostromin,Моя голова винтом
﻿Brazil ,50,Dj Wizard E Dj Léo Da 17,Mega Trepa Trepa Das Sombras
﻿Brazil ,51,The Weeknd,Save Your Tears
﻿Brazil ,52,Boney M.,Rasputin
﻿Brazil ,53,Sarah Blasko,All I Want (Beny Remix)
﻿Brazil ,54,Joel Corry Feat. MNEK,Head & Heart
﻿Brazil ,55,Dirty Heads,Vacation
﻿Brazil ,56,Ludovico Einaudi,Experience
﻿Brazil ,57,SoFaygo,Knock Knock
﻿Brazil ,58,Dua Lipa,We're Good
﻿Brazil ,59,SoulChef Feat. Nieve,Write This Down
﻿Brazil ,60,GRAE,Your Hands
﻿Brazil ,61,Gym Class Heroes Feat. Patrick Stump,Cupid's Chokehold
﻿Brazil ,62,Eminem,Fack
﻿Brazil ,63,Lewis Capaldi,Someone You Loved
﻿Brazil ,64,James Arthur,Train Wreck
﻿Brazil ,65,Gym Class Heroes Feat. Adam Levine,Stereo Hearts
﻿Brazil ,66,ROSÉ,On The Ground
﻿Brazil ,67,"MC Hariel, Mc Davi & MC Ryan SP Feat. Alok & Salvador Da Rima",Ilusão (Cracolândia)
﻿Brazil ,68,Two Maloka Feat. MC Topre,"Eu Caçava as Puta, Agora as Puta Que Me Caça"
﻿Brazil ,69,Magix,Birthday Sex
﻿Brazil ,70,MGMT,Little Dark Age
﻿Brazil ,71,Lewis Capaldi,Before You Go
﻿Brazil ,72,DJ Ivis Feat. Tarcísio do Acordeon,Esquema Preferido
﻿Brazil ,73,Kardinal Offishall Feat. Akon,Dangerous
﻿Brazil ,74,Leat'eq,Tokyo
﻿Brazil ,75,Dua Lipa,Don't Start Now
﻿Brazil ,76,Never Get Used To People,Life Letters
﻿Brazil ,77,Bruno Mars,Locked Out Of Heaven
﻿Brazil ,78,Anavitória & Rita Lee,"Amarelo, azul e branco"
﻿Brazil ,79,MC Vertinho,Som Do Paredão
﻿Brazil ,80,Gabriel O Príncipe,Acaso
﻿Brazil ,81,Alok & Bruno Martini Feat. Zeeba,Hear Me Now
﻿Brazil ,82,Tommee Profitt Feat. Fleurie & Jung Youth,In The End
﻿Brazil ,83,Doja Cat,Streets
﻿Brazil ,84,Coldplay,Hymn For The Weekend
﻿Brazil ,85,Harry Styles,Golden
﻿Brazil ,86,Hozier,Take Me To Church
﻿Brazil ,87,Tones And I,Dance Monkey
﻿Brazil ,88,Bruno Mars,Talking To The Moon
﻿Brazil ,89,Baby Bash,Suga Suga
﻿Brazil ,90,Bring Me The Horizon,Can You Feel My Heart
﻿Brazil ,91,Vítor Fernandes,Vou Falar Que Não Quero
﻿Brazil ,92,Rihanna,Where Have You Been
﻿Brazil ,93,Pascal Letoublon,Friendships
﻿Brazil ,94,Kawe & Mc Lele JP,Mds
﻿Brazil ,95,Dua Lipa,Levitating
﻿Brazil ,96,MC Zaquin,Ô Moça
﻿Brazil ,97,Gnash Feat. Olivia O'brien,"I Hate U, I Love U"
﻿Brazil ,98,The Neighbourhood,Sweater Weather
﻿Brazil ,99,Gwen Stefani,Hollaback Girl
﻿Brazil ,100,Hungria Hip Hop,Amor e Fé (Acústico)
﻿Brazil ,101,Coldplay,Up&up
﻿Brazil ,102,Ed Sheeran,Afterglow
﻿Brazil ,103,Edith Whiskers,Home
﻿Brazil ,104,Doja Cat,Say So
﻿Brazil ,105,Marina & The Diamonds,Bubblegum Bitch
﻿Brazil ,106,Rilès,Pesetas
﻿Brazil ,107,Maverick Sabre Feat. Jorja Smith,Slow Down (Vintage Culture & Slow Motion Remix)
﻿Brazil ,108,David Guetta & MORTEN Feat. Lanie Gardner,Dreams
﻿Brazil ,109,O-Zone,Dragostea Din Tei (Original Romanian Version)
﻿Brazil ,110,Abbot Feat. Somynem.grin,Hylander
﻿Brazil ,111,Capone,Streets Favorite
﻿Brazil ,112,Chico Buarque,Eu Te Amo
﻿Brazil ,113,"Papatinho, Seu Jorge & Black Alien",Final de Semana
﻿Brazil ,114,Cher,Believe
﻿Brazil ,115,Avicii,The Nights
﻿Brazil ,116,SHAED & ZAYN,Trampoline
﻿Brazil ,117,"BIN, Mainstreet & Ajaxx",Saturno
﻿Brazil ,118,Os Barões da Pisadinha,Esquema Preferido (Ao Vivo)
﻿Brazil ,119,Alessia Cara,Here (Lucian Remix)
﻿Brazil ,120,Paul Anka,Put Your Head On My Shoulder
﻿Brazil ,121,XXXTENTACION,Hope
﻿Brazil ,122,Wesley Safadão & Os Barões da Pisadinha,"Ele É Ele, Eu Sou Eu"
﻿Brazil ,123,Rozalén,Volver A Los Diecisiete
﻿Brazil ,124,Eduardo Luzquiños & EZRA,Yrn (Remix)
﻿Brazil ,125,Duncan Laurence Feat. FLETCHER,Arcade
﻿Brazil ,126,Mother Mother,Hay Loft
﻿Brazil ,127,Post Malone,Circles
﻿Brazil ,128,BTS,Dynamite
﻿Brazil ,129,Tom Odell,Another Love
﻿Brazil ,130,Tesher,Jalebi Baby
﻿Brazil ,131,Aaron Smith Feat. Luvli,Dancin (Krono Remix)
﻿Brazil ,132,Waka Flocka Flame Feat. Roscoe Dash & Wale,No Hands
﻿Brazil ,133,Alan Jackson,I'll Try
﻿Brazil ,134,MC Draak,Não Nasci Pra Namorar
﻿Brazil ,135,Sam Smith,Diamonds
﻿Brazil ,136,MC RF3,Oh Bruna
﻿Brazil ,137,Travis Scott Feat. Kendrick Lamar,Goosebumps
﻿Brazil ,138,Pháo,2 Phút Hơn [KAIZ Remix]
﻿Brazil ,139,Gloria Gaynor,I Will Survive
﻿Brazil ,140,Bad Bunny & Jhay Cortez,DÁKITI
﻿Brazil ,141,AURORA,Runaway
﻿Brazil ,142,DaBaby Feat. Roddy Ricch,Rockstar
﻿Brazil ,143,Hugo & Guilherme,Coração Na Cama
﻿Brazil ,144,Sub Urban,Cradles
﻿Brazil ,145,Black Pumas,Colors
﻿Brazil ,146,Jasmine Thompson,You Are My Sunshine
﻿Brazil ,147,"Wisin, Myke Towers & Maluma Feat. Anitta & Los Legendarios",Mi Niña (Remix)
﻿Brazil ,148,"Barca Na Batida, MC Reino & Mc Menino do Luxo Feat. Mc Gw & Mc India",Pirocada de Bandido
﻿Brazil ,149,Mapei,Don't Wait
﻿Brazil ,150,Grover Washington Jr.,Just The Two Of Us
﻿Brazil ,151,Powfu,death bed (feat. beabadoobee) [coffee for your head]
﻿Brazil ,152,Dj Lucas Beat & João Bosco & Vinicius,Bloqueia Eu (Remix)
﻿Brazil ,153,DJ Khaled Feat. Drake,POPSTAR
﻿Brazil ,154,Gil Bala,Palma da Mão no Chão
﻿Brazil ,155,Kim Dracula,Paparazzi
﻿Brazil ,156,Jeremih Feat. Lil Wayne & Natasha Mosley,All The Time
﻿Brazil ,157,Ariana Grande,positions
﻿Brazil ,158,The Black Eyed Peas,Pump It
﻿Brazil ,159,Sheck Wes,Mo Bamba
﻿Brazil ,160,"Long Beatz, Xamã & Ryan Realcria",A Noite
﻿Brazil ,161,Aya Nakamura,Copines
﻿Brazil ,162,Twenty One Pilots,Doubt
﻿Brazil ,163,Vedo,You Got It
﻿Brazil ,164,347aidan,Dancing in My Room
﻿Brazil ,165,"PEDRO SAMPAIO, Daniel Caon & Wesley Safadão",FALA MAL DE MIM
﻿Brazil ,166,Vitor Fernandes,Acaso
﻿Brazil ,167,Kendrick Lamar,HUMBLE.
﻿Brazil ,168,Ashnikko Feat. Princess Nokia,Slumber Party
﻿Brazil ,169,DJ Menor 7 DJ Menor da Dz7,Ritmo Envolvente
﻿Brazil ,170,Rag'n'Bone Man,Human
﻿Brazil ,171,Sergio Valentino,Drive Forever
﻿Brazil ,172,Jawsh 685 & Jason Derulo,Savage Love (Laxed - Siren Beat)
﻿Brazil ,173,Jvla,Such a Whore (Stellular Remix)
﻿Brazil ,174,George Michael,Careless Whisper
﻿Brazil ,175,HVME,Goosebumps
﻿Brazil ,176,Beach Bunny,Cloud 9
﻿Brazil ,177,"DJ DK BEATS, MC Drika & Mc Nem Jm",Sentando no Pula Pula
﻿Brazil ,178,Nelly Furtado Feat. Timbaland,Promiscuous
﻿Brazil ,179,Jorge & Mateus,Lance Individual
﻿Brazil ,180,MC Meno K & DJ 2L da Rocinha,Camisa do Flamengo
﻿Brazil ,181,StarBoi3 Feat. Doja Cat,Dick
﻿Brazil ,182,Twenty One Pilots,Hometown
﻿Brazil ,183,Magic!,Rude
﻿Brazil ,184,Coldplay,Yellow
﻿Brazil ,185,Leyla Blue,What A Shame
﻿Brazil ,186,Roar,I Can't Handle Change
﻿Brazil ,187,Caetano Veloso,O Quereres
﻿Brazil ,188,Maroon 5,Animals
﻿Brazil ,189,Natalie Taylor,Surrender
﻿Brazil ,190,Two Feet,Go F**k Yourself
﻿Brazil ,191,Foster The People,Pumped Up Kicks
﻿Brazil ,192,Lady Gaga,Always Remember Us This Way
﻿Brazil ,193,Kaito Shoma & DJ Paul,Scary Garry
﻿Brazil ,194,Queen,Another One Bites The Dust
﻿Brazil ,195,Haddaway,What Is Love
﻿Brazil ,196,Michael Douglas,Bass Beat (Remix)
﻿Brazil ,197,L7NNON,Freio da Blazer
﻿Brazil ,198,Fleetwood Mac,Dreams
﻿Brazil ,199,Kodaline,All I Want
﻿Brazil ,200,MC Marley & MC Vitin LC,Vou Fazer um Vídeo Seu
﻿Venezuela ,1,"Los Legendarios, Wisin & Jhay Cortez",Fiel
﻿Venezuela ,2,Kali Uchis,telepatía
﻿Venezuela ,3,GIVĒON,HEARTBREAK ANNIVERSARY
﻿Venezuela ,4,"Rochy RD, Myke Towers & NICKI NICOLE",Ella No Es Tuya (Remix)
﻿Venezuela ,5,Myke Towers & Juhn,Bandido
﻿Venezuela ,6,"Kallde El Rey Del Placer""""",La Llevo Al Cielo
﻿Venezuela ,7,Olivia Rodrigo,drivers license
﻿Venezuela ,8,Sech,911
﻿Venezuela ,9,Rauw Alejandro & Mr. Naisgai,2/Catorce
﻿Venezuela ,10,"Bruno Mars, Anderson .Paak & Silk Sonic",Leave The Door Open
﻿Venezuela ,11,Kiddtetoon & Diego Smith,Illuminati
﻿Venezuela ,12,Dylan Fuentes & Myke Towers & Dayme y El High,Ajena
﻿Venezuela ,13,Rauw Alejandro & Anuel AA,Reloj
﻿Venezuela ,14,Masked Wolf,Astronaut In The Ocean
﻿Venezuela ,15,The Weeknd,Save Your Tears
﻿Venezuela ,16,"Maluma, Rauw Alejandro & Beéle Feat. Darell, Mambo Kingz & DJ Luian",Aloha
﻿Venezuela ,17,ElyOtto,SugarCrash!
﻿Venezuela ,18,"Milly, Farruko & Nio Garcia Feat. Jay Wheeler & Amenazzy",No Te Enamores (Remix)
﻿Venezuela ,19,"Nio Garcia, Casper Magico & Ozuna Feat. Wisin & Yandel, Myke Towers & Flow La Movie",Travesuras (Remix)
﻿Venezuela ,20,Luis Fonsi & Rauw Alejandro,Vacío
﻿Venezuela ,21,Darkiell,Sigue Bailandome
﻿Venezuela ,22,LA YOUNG,Como Estrellas
﻿Venezuela ,23,Dura DJ,"Y Si el Pueblo Pide, Ponle"
﻿Venezuela ,24,"KAROL G, Anuel AA & J Balvin",LOCATION
﻿Venezuela ,25,Humbe,Te Conocí en Japón
﻿Venezuela ,26,kostromin,Моя голова винтом
﻿Venezuela ,27,SZA & Justin Timberlake,The Other Side
﻿Venezuela ,28,Nicky Jam & Romeo Santos,Fan de Tus Fotos
﻿Venezuela ,29,Myke Towers,Explícito
﻿Venezuela ,30,Bad Bunny & ROSALÍA,LA NOCHE DE ANOCHE
﻿Venezuela ,31,Dua Lipa,Levitating
﻿Venezuela ,32,Boza,Hecha Pa' Mi
﻿Venezuela ,33,Selena Gomez & Rauw Alejandro,Baila Conmigo
﻿Venezuela ,34,Bad Bunny & Jhay Cortez,DÁKITI
﻿Venezuela ,35,"Ozuna, J Balvin & Chencho Corleone",Una Locura
﻿Venezuela ,36,Manuel Turizo & Wisin & Yandel,Mala Costumbre
﻿Venezuela ,37,Daddy Yankee,PROBLEMA
﻿Venezuela ,38,Ozuna & Camilo,Despeinada
﻿Venezuela ,39,Dua Lipa,Don't Start Now
﻿Venezuela ,40,The Weeknd,Blinding Lights
﻿Venezuela ,41,DJ Cala,Parari 24K
﻿Venezuela ,42,Gym Class Heroes Feat. Adam Levine,Stereo Hearts
﻿Venezuela ,43,Kaleo,Way Down We Go
﻿Venezuela ,44,Issam Alnajjar,Hadal Ahbek
﻿Venezuela ,45,Kidgamen***a,El 23 del Vecindario
﻿Venezuela ,46,Black Eyed Peas & Shakira,GIRL LIKE ME
﻿Venezuela ,47,Drake Feat. WizKid & Kyla,One Dance
﻿Venezuela ,48,Boney M.,Rasputin
﻿Venezuela ,49,Camilo & Evaluna Montaner,Machu Picchu
﻿Venezuela ,50,"Kevin Roldan, Bryant Myers & Lyanno",Hasta Abajo
﻿Venezuela ,51,Daddy Yankee & Marc Anthony,De Vuelta Pa' La Vuelta
﻿Venezuela ,52,Gotye Feat. Kimbra,Somebody That I Used To Know
﻿Venezuela ,53,Tiësto,The Business
﻿Venezuela ,54,BTS,Dynamite
﻿Venezuela ,55,KD One,Hay Que Bueno
﻿Venezuela ,56,Black Pumas,Colors
﻿Venezuela ,57,Rauw Alejandro,Perreo Pesau'
﻿Venezuela ,58,Post Malone,Hollywood's Bleeding
﻿Venezuela ,59,KAROL G,BICHOTA
﻿Venezuela ,60,Camilo & El Alfa,BEBÉ
﻿Venezuela ,61,"Wisin, Yandel & Farruko Feat. Jon Z, Don Chezina, Chencho Corleone & Myke Towers",3G (Remix)
﻿Venezuela ,62,Micro Tdh & Lasso,Ni Vivo Ni Muerto
﻿Venezuela ,63,Pháo,2 Phút Hơn [KAIZ Remix]
﻿Venezuela ,64,Farruko,Coolant
﻿Venezuela ,65,Ovy On The Drums & Danny Ocean Feat. KAROL G,Miedito o Qué?
﻿Venezuela ,66,Hippie Sabotage,Devil Eyes
﻿Venezuela ,67,"J. Balvin, Dua Lipa, Bad Bunny & Tainy",UN DIA (ONE DAY)
﻿Venezuela ,68,Tesher,Jalebi Baby
﻿Venezuela ,69,Bruno Mars,Locked Out Of Heaven
﻿Venezuela ,70,Jennie Abrahamson,My Favorite Things
﻿Venezuela ,71,El Vega,Te Encontre
﻿Venezuela ,72,Luigy Boy & La Florezta,Alo Michael (rico rico rico rico)
﻿Venezuela ,73,Harry Styles,Watermelon Sugar
﻿Venezuela ,74,El Villanord Feat. Yailin la Mas Viral,Chivirika
﻿Venezuela ,75,Camilo,Ropa Cara
﻿Venezuela ,76,"Wisin, Myke Towers & Maluma Feat. Anitta & Los Legendarios",Mi Niña (Remix)
﻿Venezuela ,77,DaBaby Feat. Roddy Ricch,Rockstar
﻿Venezuela ,78,SAINt JHN,Roses (Imanbek Remix)
﻿Venezuela ,79,Sub Urban,Cradles
﻿Venezuela ,80,"Manuel Turizo, Rauw Alejandro & Myke Towers",La Nota
﻿Venezuela ,81,Rauw Alejandro,Algo Mágico
﻿Venezuela ,82,Papu DJ,La Guerra
﻿Venezuela ,83,Leat'eq,Tokyo
﻿Venezuela ,84,Pascal Letoublon,Friendships
﻿Venezuela ,85,Black Motion Feat. Nokwazi,Trap en Los (Edit)
﻿Venezuela ,86,Billie Eilish,everything i wanted
﻿Venezuela ,87,"Lyanno, Rauw Alejandro & Lenny Tavarez Feat. Maria Becerra",En Tu Cuerpo (Remix)
﻿Venezuela ,88,Nio García & Casper Mágico,Travesuras
﻿Venezuela ,89,Rauw Alejandro,Dile a El
﻿Venezuela ,90,24kGoldn Feat. iann dior,Mood
﻿Venezuela ,91,SoFaygo,Knock Knock
﻿Venezuela ,92,Duncan Laurence,Arcade
﻿Venezuela ,93,"Steve Aoki, Willy William & Sfera Ebbasta Feat. Sean Paul, El Alfa & Play-N-Skillz",Mambo
﻿Venezuela ,94,Chanell,Inmoral
﻿Venezuela ,95,Tones And I,Dance Monkey
﻿Venezuela ,96,Taylor Swift,cardigan
﻿Venezuela ,97,Sebastián Yatra & Guaynaa,Chica Ideal
﻿Venezuela ,98,Indila,Dernière Danse
﻿Venezuela ,99,Tato el X5 Feat. Olle Jey,En Detone
﻿Venezuela ,100,Kim Dracula,Paparazzi
﻿Venezuela ,101,Ryan Castro & Blessd,Lejanía
﻿Venezuela ,102,Lewis Capaldi,Someone You Loved
﻿Venezuela ,103,Nio Garcia & Flow La Movie,AM
﻿Venezuela ,104,"Rusherking, Khea & Duki Feat. Maria Becerra, Lit Killah & Tiago PZK",Además de Mí (Remix)
﻿Venezuela ,105,Avicii,The Nights
﻿Venezuela ,106,Capone,Streets Favorite
﻿Venezuela ,107,The Neighbourhood,Sweater Weather
﻿Venezuela ,108,Rihanna,Needed Me (Cosmic Dawn Club Mix)
﻿Venezuela ,109,Jay Wheeler & DJ Nelson Feat. Myke Towers,La Curiosidad
﻿Venezuela ,110,Magic!,Rude
﻿Venezuela ,111,Leyla Blue,What A Shame
﻿Venezuela ,112,Ed Sheeran,Perfect
﻿Venezuela ,113,Aaron Smith Feat. Luvli,Dancin (Krono Remix)
﻿Venezuela ,114,Lil Vato,City Boy
﻿Venezuela ,115,Humbe,tú me hiciste volar
﻿Venezuela ,116,ROSÉ,On The Ground
﻿Venezuela ,117,Dirty Heads,Vacation
﻿Venezuela ,118,Gym Class Heroes Feat. Patrick Stump,Cupid's Chokehold
﻿Venezuela ,119,Twenty One Pilots,Stressed Out
﻿Venezuela ,120,Stefflon Don,16 Shots
﻿Venezuela ,121,Silvestre Dangond,Las Locuras Mías
﻿Venezuela ,122,Doja Cat,Say So
﻿Venezuela ,123,Nicky Jam & Myke Towers,Polvo
﻿Venezuela ,124,"Sech, Daddy Yankee & J Balvin Feat. ROSALÍA & Farruko",Relación (Remix)
﻿Venezuela ,125,Grover Washington Jr.,Just The Two Of Us
﻿Venezuela ,126,Jason Derulo Feat. 2 Chainz,Talk Dirty
﻿Venezuela ,127,"KEVVO, Arcángel & Becky G. Feat. Darell",Te Va Bien
﻿Venezuela ,128,Aya Nakamura,Copines
﻿Venezuela ,129,Джаро & Ханза,Ты мой кайф
﻿Venezuela ,130,Natti Natasha & Prince Royce,ANTES QUE SALGA EL SOL
﻿Venezuela ,131,Dua Lipa Feat. DaBaby,Levitating
﻿Venezuela ,132,Justin Quiles,Ponte Pa' Mi
﻿Venezuela ,133,"Wisin, Myke Towers & Los Legendarios",Mi Niña
﻿Venezuela ,134,Mike Bahía,Quiéreme
﻿Venezuela ,135,Ellie Goulding,Love Me Like You Do
﻿Venezuela ,136,Gwen Stefani,Hollaback Girl
﻿Venezuela ,137,Maikitol Y El Chusco,Como A Rata
﻿Venezuela ,138,DJ Guuga,Acompanha O Grave
﻿Venezuela ,139,Adso Alejandro,Como Si Nada
﻿Venezuela ,140,Rihanna,Where Have You Been
﻿Venezuela ,141,"ATB, Topic & A7S",Your Love (9PM)
﻿Venezuela ,142,"Rich Music LTD, Dalex & Justin Quiles Feat. iZaak & Dimelo Flow",Hickey
﻿Venezuela ,143,Los Farandulay,El Peludo
﻿Venezuela ,144,Alice Deejay,Better Off Alone
﻿Venezuela ,145,Gnarls Barkley,Crazy
﻿Venezuela ,146,Edward Maya & Vika Jigulina,Stereo Love
﻿Venezuela ,147,Rauw Alejandro,Enchule
﻿Venezuela ,148,"Joey Montana, Greeicy & Cali Y El Dandee",Desesperado (Voy A Tomar)
﻿Venezuela ,149,ZAYN Feat. Sia,Dusk Till Dawn
﻿Venezuela ,150,Jay Wheeler & DJ Nelson,Dime Que Si (Unplugged)
﻿Venezuela ,151,Imagine Dragons,Believer
﻿Venezuela ,152,Nathan Evans,Wellerman (Sea Shanty)
﻿Venezuela ,153,George Michael,Careless Whisper
﻿Venezuela ,154,Mc Kitinho,Como Que Eu Tô
﻿Venezuela ,155,Kina Feat. Adriana Proenza,Can We Kiss Forever?
﻿Venezuela ,156,Bring Me The Horizon,Can You Feel My Heart
﻿Venezuela ,157,The Kid LAROI,WITHOUT YOU
﻿Venezuela ,158,Farruko,La Tóxica
﻿Venezuela ,159,Anuel AA & Ozuna,Antes
﻿Venezuela ,160,Anuel AA & Ozuna,Dime Tú
﻿Venezuela ,161,Queen,Another One Bites The Dust
﻿Venezuela ,162,Don Miguelo,Y Que Fue?
﻿Venezuela ,163,Eurythmics,Sweet Dreams (Are Made Of This)
﻿Venezuela ,164,Coolio Feat. L.V.,Gangsta's Paradise
﻿Venezuela ,165,Cardi B Feat. Megan Thee Stallion,WAP
﻿Venezuela ,166,Camilo,Vida de Rico
﻿Venezuela ,167,UB40,Kingston Town
﻿Venezuela ,168,XXXTENTACION,Hope
﻿Venezuela ,169,Hozier,Take Me To Church
﻿Venezuela ,170,HAIM,The Steps
﻿Venezuela ,171,Mother Mother,Hay Loft
﻿Venezuela ,172,Christian Nodal & Ángela Aguilar,Dime Cómo Quieres
﻿Venezuela ,173,Doja Cat,Streets
﻿Venezuela ,174,"Ghettospm, Farruko & Nino Freestyle",No Hago Coro
﻿Venezuela ,175,Kevin Gates,Big Gangsta
﻿Venezuela ,176,Tommee Profitt Feat. Fleurie & Jung Youth,In The End
﻿Venezuela ,177,"Justin Quiles, Natti Natasha & Farruko Feat. Zion, Dalex & Lenny Tavárez",DJ No Pare [Remix]
﻿Venezuela ,178,"C. Tangana, Niño de Elche & La Hungara",Tú Me Dejaste De Querer
﻿Venezuela ,179,Haddaway,What Is Love
﻿Venezuela ,180,Ava Max,My Head & My Heart
﻿Venezuela ,181,4 Non Blondes,What's Up?
﻿Venezuela ,182,Lizz Robinett Feat. L-Train & Y. Chang,Renai Circulation (English Cover) [TV Size]
﻿Venezuela ,183,Danny Ocean & Justin Quiles,Cuántas veces
﻿Venezuela ,184,"Nio Garcia, Rauw Alejandro & Lenny Tavarez Feat. Myke Towers, Casper Magico & Darell",Mírame (Remix)
﻿Venezuela ,185,Stromae,Alors On Danse
﻿Venezuela ,186,"Jay Wheeler, Myke Towers & Rauw Alejandro Feat. DJ Nelson, Jhay Cortez, Lunay & Kendo Kaponi",La Curiosidad (Blue Grand Prix Remix)
﻿Venezuela ,187,Rauw Alejandro Feat. Chencho,El Efecto
﻿Venezuela ,188,Alan Walker,Faded
﻿Venezuela ,189,MGMT,Little Dark Age
﻿Venezuela ,190,CNCO,Tan Enamorados
﻿Venezuela ,191,Cardi B,Up
﻿Venezuela ,192,Foreigner,I Want To Know What Love Is
﻿Venezuela ,193,Los Inquietos,Buscaré Otro Amor
﻿Venezuela ,194,Farruko & Bad Bunny & Ozuna feat. Arcangel & Nengo Flow & Dj Luian & Mambo Kings,Diles
﻿Venezuela ,195,Dua Lipa,We're Good
﻿Venezuela ,196,Passenger,Let Her Go
﻿Venezuela ,197,A-Ha,Take On Me
﻿Venezuela ,198,Jeeiph,Bonita
﻿Venezuela ,199,Coi Leray Feat. Pooh Shiesty,PRRR
﻿Venezuela ,200,Taylor Swift,willow
﻿Chile ,1,BTS,Dynamite
﻿Chile ,2,Kali Uchis,telepatía
﻿Chile ,3,"Los Legendarios, Wisin & Jhay Cortez",Fiel
﻿Chile ,4,"Bruno Mars, Anderson .Paak & Silk Sonic",Leave The Door Open
﻿Chile ,5,"Nio Garcia, Casper Magico & Ozuna Feat. Wisin & Yandel, Myke Towers & Flow La Movie",Travesuras (Remix)
﻿Chile ,6,Olivia Rodrigo,drivers license
﻿Chile ,7,ElyOtto,SugarCrash!
﻿Chile ,8,The Weeknd,Blinding Lights
﻿Chile ,9,Michael Bolton,When A Man Loves A Woman
﻿Chile ,10,GIVĒON,HEARTBREAK ANNIVERSARY
﻿Chile ,11,"Rochy RD, Myke Towers & NICKI NICOLE",Ella No Es Tuya (Remix)
﻿Chile ,12,"Kallde El Rey Del Placer""""",La Llevo Al Cielo
﻿Chile ,13,Sech,911
﻿Chile ,14,Gotye Feat. Kimbra,Somebody That I Used To Know
﻿Chile ,15,Harry Styles,Watermelon Sugar
﻿Chile ,16,The Weeknd,Save Your Tears
﻿Chile ,17,Myke Towers & Juhn,Bandido
﻿Chile ,18,Tesher,Jalebi Baby
﻿Chile ,19,Commodores,Easy
﻿Chile ,20,"Harry Nach, El Futuro Fuera De Orbita & La Nevula23 Productor",Juju Juju
﻿Chile ,21,Scorpions,Wind Of Change
﻿Chile ,22,Luigy Boy & La Florezta,Alo Michael (rico rico rico rico)
﻿Chile ,23,Drake Feat. WizKid & Kyla,One Dance
﻿Chile ,24,"KAROL G, Anuel AA & J Balvin",LOCATION
﻿Chile ,25,Dua Lipa,Don't Start Now
﻿Chile ,26,Gym Class Heroes Feat. Patrick Stump,Cupid's Chokehold
﻿Chile ,27,kostromin,Моя голова винтом
﻿Chile ,28,Black Pumas,Colors
﻿Chile ,29,Selena Gomez & Rauw Alejandro,Baila Conmigo
﻿Chile ,30,Duncan Laurence,Arcade
﻿Chile ,31,Masked Wolf,Astronaut In The Ocean
﻿Chile ,32,Farruko,Coolant
﻿Chile ,33,Bring Me The Horizon,Can You Feel My Heart
﻿Chile ,34,"KEVVO, Arcángel & Becky G. Feat. Darell",Te Va Bien
﻿Chile ,35,Rihanna,Where Have You Been
﻿Chile ,36,"Steve Aoki, Willy William & Sfera Ebbasta Feat. Sean Paul, El Alfa & Play-N-Skillz",Mambo
﻿Chile ,37,Dua Lipa,Levitating
﻿Chile ,38,Mario Guerrero & Fanny Lu,Corazones Rotos
﻿Chile ,39,Manuel Turizo & Wisin & Yandel,Mala Costumbre
﻿Chile ,40,Morat & Sebastián Yatra,Bajo La Mesa
﻿Chile ,41,LA YOUNG,Como Estrellas
﻿Chile ,42,Boney M.,Rasputin
﻿Chile ,43,Dura DJ,"Y Si el Pueblo Pide, Ponle"
﻿Chile ,44,Boza,Hecha Pa' Mi
﻿Chile ,45,Rauw Alejandro & Anuel AA,Reloj
﻿Chile ,46,Daddy Yankee,PROBLEMA
﻿Chile ,47,Yeremih NoMercy,"Dale Corte (Con Luxian, Keishon Trigga y S4vage)"
﻿Chile ,48,Magic!,Rude
﻿Chile ,49,Really Slow Motion,Deadwood
﻿Chile ,50,"Milly, Farruko & Nio Garcia Feat. Jay Wheeler & Amenazzy",No Te Enamores (Remix)
﻿Chile ,51,Kaleo,Way Down We Go
﻿Chile ,52,Humbe,Te Conocí en Japón
﻿Chile ,53,Tom Odell,Another Love
﻿Chile ,54,Myke Towers,Explícito
﻿Chile ,55,Nicky Jam & Romeo Santos,Fan de Tus Fotos
﻿Chile ,56,Dylan Fuentes & Myke Towers & Dayme y El High,Ajena
﻿Chile ,57,David Guetta & Sia,Let's Love
﻿Chile ,58,Bad Bunny & Jhay Cortez,DÁKITI
﻿Chile ,59,Gym Class Heroes Feat. Adam Levine,Stereo Hearts
﻿Chile ,60,DaBaby Feat. Roddy Ricch,Rockstar
﻿Chile ,61,Foreigner,I Want To Know What Love Is
﻿Chile ,62,SoFaygo,Knock Knock
﻿Chile ,63,Hippie Sabotage,Devil Eyes
﻿Chile ,64,The Neighbourhood,Sweater Weather
﻿Chile ,65,Dirty Heads,Vacation
﻿Chile ,66,ROSÉ,On The Ground
﻿Chile ,67,Leat'eq,Tokyo
﻿Chile ,68,Darkiell,Sigue Bailandome
﻿Chile ,69,Issam Alnajjar,Hadal Ahbek
﻿Chile ,70,Grover Washington Jr.,Just The Two Of Us
﻿Chile ,71,CNCO,Tan Enamorados
﻿Chile ,72,Black Eyed Peas & Shakira,GIRL LIKE ME
﻿Chile ,73,Migrantes & Alico,Si Me Tomo Una Cerveza
﻿Chile ,74,Camilo & El Alfa,BEBÉ
﻿Chile ,75,Mother Mother,Hay Loft
﻿Chile ,76,Tones And I,Dance Monkey
﻿Chile ,77,Luis Fonsi & Rauw Alejandro,Vacío
﻿Chile ,78,SAINt JHN,Roses (Imanbek Remix)
﻿Chile ,79,Lizz Robinett Feat. L-Train & Y. Chang,Renai Circulation (English Cover) [TV Size]
﻿Chile ,80,Taylor Swift,cardigan
﻿Chile ,81,Manuel García,Canción Del Desvelado
﻿Chile ,82,Aya Nakamura,Copines
﻿Chile ,83,Maluma,Agua de Jamaica
﻿Chile ,84,"Ozuna, Wisin & Myke Towers Feat. Arcangel, Juanka & Cosculluela",Enemigos Ocultos
﻿Chile ,85,Never Get Used To People,Life Letters
﻿Chile ,86,Michael Bublé,Everything
﻿Chile ,87,Justin Quiles Feat. Kevin Roldan,Nunca Imagine (Remix)
﻿Chile ,88,Marina & The Diamonds,Bubblegum Bitch
﻿Chile ,89,Nathan Evans,Wellerman (Sea Shanty)
﻿Chile ,90,Camilo & Evaluna Montaner,Machu Picchu
﻿Chile ,91,Harry Styles,Sign Of The Times
﻿Chile ,92,Alt-J,Breezeblocks
﻿Chile ,93,Bad Bunny & ROSALÍA,LA NOCHE DE ANOCHE
﻿Chile ,94,Avicii,The Nights
﻿Chile ,95,Roar,I Can't Handle Change
﻿Chile ,96,Momokurotei Ichimon,Nippon Egao Hyakkei
﻿Chile ,97,Gwen Stefani,Hollaback Girl
﻿Chile ,98,Rauw Alejandro,Perreo Pesau'
﻿Chile ,99,Bruno Mars,Locked Out Of Heaven
﻿Chile ,100,Childish Gambino,Redbone
﻿Chile ,101,Scorpions,Wind of Change
﻿Chile ,102,Pascal Letoublon,Friendships
﻿Chile ,103,"Manuel Turizo, Rauw Alejandro & Myke Towers",La Nota
﻿Chile ,104,"Maluma, Rauw Alejandro & Beéle Feat. Darell, Mambo Kingz & DJ Luian",Aloha
﻿Chile ,105,Indila,Dernière Danse
﻿Chile ,106,Beach Bunny,Cloud 9
﻿Chile ,107,Sam Smith,I Feel Love
﻿Chile ,108,Sergio Valentino,Drive Forever (Remix)
﻿Chile ,109,"Kevin Roldan, Bryant Myers & Lyanno",Hasta Abajo
﻿Chile ,110,Lewis Capaldi,Someone You Loved
﻿Chile ,111,Coldplay,Hymn For The Weekend
﻿Chile ,112,Queen,Another One Bites The Dust
﻿Chile ,113,Twenty One Pilots,Stressed Out
﻿Chile ,114,Leyla Blue,What A Shame
﻿Chile ,115,"Wisin, Yandel & Farruko Feat. Jon Z, Don Chezina, Chencho Corleone & Myke Towers",3G (Remix)
﻿Chile ,116,Doja Cat,Streets
﻿Chile ,117,Cardi B,Up
﻿Chile ,118,Cyndi Lauper,Girls Just Want To Have Fun
﻿Chile ,119,Aaron Smith Feat. Luvli,Dancin (Krono Remix)
﻿Chile ,120,Daddy Yankee & Marc Anthony,De Vuelta Pa' La Vuelta
﻿Chile ,121,Billie Eilish,everything i wanted
﻿Chile ,122,Ludovico Einaudi,Experience
﻿Chile ,123,Kenny Rogers & Sheena Easton,We've Got Tonight
﻿Chile ,124,Post Malone,Hollywood's Bleeding
﻿Chile ,125,Jay Wheeler & DJ Nelson Feat. Myke Towers,La Curiosidad
﻿Chile ,126,Chanell,Inmoral
﻿Chile ,127,Tommee Profitt Feat. Fleurie & Jung Youth,In The End
﻿Chile ,128,"Rusherking, Khea & Duki Feat. Maria Becerra, Lit Killah & Tiago PZK",Además de Mí (Remix)
﻿Chile ,129,"Ozuna, Doja Cat & Sia",Del Mar
﻿Chile ,130,Rihanna,Needed Me (Cosmic Dawn Club Mix)
﻿Chile ,131,Kiddtetoon & Diego Smith,Illuminati
﻿Chile ,132,Jason Derulo Feat. 2 Chainz,Talk Dirty
﻿Chile ,133,Doja Cat,Say So
﻿Chile ,134,Coolio Feat. L.V.,Gangsta's Paradise
﻿Chile ,135,Sia,Snowman
﻿Chile ,136,Cheap Trick,The Flame
﻿Chile ,137,Queen,Good Old-Fashioned Lover Boy
﻿Chile ,138,AURORA,Runaway
﻿Chile ,139,Hozier,Take Me To Church
﻿Chile ,140,Tearliner Feat. Jo Hae Jin,Blooming Story
﻿Chile ,141,Maikitol Y El Chusco,Como A Rata
﻿Chile ,142,Alice Deejay,Better Off Alone
﻿Chile ,143,Kim Dracula,Paparazzi
﻿Chile ,144,4 Non Blondes,What's Up?
﻿Chile ,145,Papu DJ,La Guerra
﻿Chile ,146,David Guetta Feat. KiD CuDi,Memories
﻿Chile ,147,Ed Sheeran,Perfect
﻿Chile ,148,"Kiddtetoon, Polima WestCoast & Julianno Sosa",Phantom
﻿Chile ,149,G'zus,VOL. (A West Trenton Love Story)
﻿Chile ,150,Eurythmics,Sweet Dreams (Are Made Of This)
﻿Chile ,151,Eduardo Luzquiños & EZRA,Yrn (Remix)
﻿Chile ,152,HAIM,The Steps
﻿Chile ,153,Sheck Wes,Mo Bamba
﻿Chile ,154,Nicky Jam & Myke Towers,Polvo
﻿Chile ,155,SZA & Justin Timberlake,The Other Side
﻿Chile ,156,Capital Cities,Safe And Sound
﻿Chile ,157,Aerosmith,I Don't Want To Miss A Thing
﻿Chile ,158,Dua Lipa,We're Good
﻿Chile ,159,Glass Animals,Take A Slice
﻿Chile ,160,REO Speedwagon,Take It On The Run
﻿Chile ,161,Pháo,2 Phút Hơn [KAIZ Remix]
﻿Chile ,162,Humbe,tú me hiciste volar
﻿Chile ,163,Vance Joy,Riptide
﻿Chile ,164,Rubio,Las Plantas
﻿Chile ,165,Tears For Fears,Everybody Wants To Rule The World
﻿Chile ,166,Tiësto,The Business
﻿Chile ,167,Alessia Cara,Here (Lucian Remix)
﻿Chile ,168,Ariana Grande & Doja Cat,motive
﻿Chile ,169,LP,Lost On You
﻿Chile ,170,Sergio Valentino,Drive Forever
﻿Chile ,171,"Ozuna, J Balvin & Chencho Corleone",Una Locura
﻿Chile ,172,Los Farandulay,El Peludo
﻿Chile ,173,Foster The People,Pumped Up Kicks
﻿Chile ,174,"C. Tangana, Niño de Elche & La Hungara",Tú Me Dejaste De Querer
﻿Chile ,175,Eladio Carrión & Brytiago,3 AM
﻿Chile ,176,Maroon 5,Maps
﻿Chile ,177,"Natti Natasha, Cazzu & Farina Feat. La Duraca",Las Nenas
﻿Chile ,178,Kanye West,On Sight
﻿Chile ,179,Fugees,Killing Me Softly With His Song
﻿Chile ,180,Eminem,Fack
﻿Chile ,181,IVAN ALEJANDRO,Me Enamore de Ti
﻿Chile ,182,Farruko,Va A Ser Abuela
﻿Chile ,183,Adso Alejandro,Como Si Nada
﻿Chile ,184,SoulChef Feat. Nieve,Write This Down
﻿Chile ,185,Modjo,Lady (Hear Me Tonight)
﻿Chile ,186,George Michael,Careless Whisper
﻿Chile ,187,Paul Anka,Put Your Head On My Shoulder
﻿Chile ,188,ROSÉ,Gone
﻿Chile ,189,Sebastián Yatra & Guaynaa,Chica Ideal
﻿Chile ,190,Miley Cyrus Feat. Dua Lipa,Prisoner
﻿Chile ,191,Coldplay,Yellow
﻿Chile ,192,Hoobastank,The Reason
﻿Chile ,193,Baby Bash,Suga Suga
﻿Chile ,194,Sech Feat. Anuel AA & Karol G,Miss Lonely (Remix 2)
﻿Chile ,195,"J. Balvin, Dua Lipa, Bad Bunny & Tainy",UN DIA (ONE DAY)
﻿Chile ,196,KAROL G,BICHOTA
﻿Chile ,197,Hits,Everything (Michael Buble Instrumental Version)
﻿Chile ,198,The Very Unknown Band,The Most Mysterious Song On the Internet (Remastered)
﻿Chile ,199,"The Wailers Feat. Skip Marley, Farruko, Shaggy & Cedella Marley","One World, One Prayer"
﻿Chile ,200,Daft Punk,Around The World
﻿Peru ,1,Kali Uchis,telepatía
﻿Peru ,2,Aya Nakamura,Copines
﻿Peru ,3,Drake Feat. WizKid & Kyla,One Dance
﻿Peru ,4,ROSÉ,On The Ground
﻿Peru ,5,Myke Towers & Juhn,Bandido
﻿Peru ,6,"Rochy RD, Myke Towers & NICKI NICOLE",Ella No Es Tuya (Remix)
﻿Peru ,7,Olivia Rodrigo,drivers license
﻿Peru ,8,ElyOtto,SugarCrash!
﻿Peru ,9,GIVĒON,HEARTBREAK ANNIVERSARY
﻿Peru ,10,"Bruno Mars, Anderson .Paak & Silk Sonic",Leave The Door Open
﻿Peru ,11,LA YOUNG,Como Estrellas
﻿Peru ,12,kostromin,Моя голова винтом
﻿Peru ,13,Tesher,Jalebi Baby
﻿Peru ,14,"Los Legendarios, Wisin & Jhay Cortez",Fiel
﻿Peru ,15,Gym Class Heroes Feat. Adam Levine,Stereo Hearts
﻿Peru ,16,Rauw Alejandro & Anuel AA,Reloj
﻿Peru ,17,The Weeknd,Blinding Lights
﻿Peru ,18,Kiddtetoon & Diego Smith,Illuminati
﻿Peru ,19,BTS,Dynamite
﻿Peru ,20,ROSÉ,Gone
﻿Peru ,21,"KAROL G, Anuel AA & J Balvin",LOCATION
﻿Peru ,22,NP HEAVEN,The Style Weekend (Remix)
﻿Peru ,23,Gym Class Heroes Feat. Patrick Stump,Cupid's Chokehold
﻿Peru ,24,Sech,911
﻿Peru ,25,"ATB, Topic & A7S",Your Love (9PM)
﻿Peru ,26,Issam Alnajjar,Hadal Ahbek
﻿Peru ,27,Humbe,Te Conocí en Japón
﻿Peru ,28,"Wisin, Yandel & Farruko Feat. Jon Z, Don Chezina, Chencho Corleone & Myke Towers",3G (Remix)
﻿Peru ,29,"Milly, Farruko & Nio Garcia Feat. Jay Wheeler & Amenazzy",No Te Enamores (Remix)
﻿Peru ,30,Farruko,Coolant
﻿Peru ,31,Boza,Hecha Pa' Mi
﻿Peru ,32,Masked Wolf,Astronaut In The Ocean
﻿Peru ,33,Boney M.,Rasputin
﻿Peru ,34,Duncan Laurence,Arcade
﻿Peru ,35,Leat'eq,Tokyo
﻿Peru ,36,Tearliner Feat. Jo Hae Jin,Blooming Story
﻿Peru ,37,Bad Bunny & ROSALÍA,LA NOCHE DE ANOCHE
﻿Peru ,38,Daddy Yankee & Marc Anthony,De Vuelta Pa' La Vuelta
﻿Peru ,39,Hiboky,Exil
﻿Peru ,40,Dylan Fuentes & Myke Towers & Dayme y El High,Ajena
﻿Peru ,41,Never Get Used To People,Life Letters
﻿Peru ,42,CNCO,Tan Enamorados
﻿Peru ,43,Dua Lipa,Don't Start Now
﻿Peru ,44,Bruno Mars,Locked Out Of Heaven
﻿Peru ,45,Darkiell,Sigue Bailandome
﻿Peru ,46,The Neighbourhood,Sweater Weather
﻿Peru ,47,Adso Alejandro,Como Si Nada
﻿Peru ,48,Gotye Feat. Kimbra,Somebody That I Used To Know
﻿Peru ,49,24kGoldn Feat. iann dior,Mood
﻿Peru ,50,Dua Lipa,Levitating
﻿Peru ,51,Justin Quiles,Ponte Pa' Mi
﻿Peru ,52,Kaleo,Way Down We Go
﻿Peru ,53,"Kallde El Rey Del Placer""""",La Llevo Al Cielo
﻿Peru ,54,Daddy Yankee,PROBLEMA
﻿Peru ,55,Humbe,tú me hiciste volar
﻿Peru ,56,Manuel Turizo & Wisin & Yandel,Mala Costumbre
﻿Peru ,57,Aaron Smith Feat. Luvli,Dancin (Krono Remix)
﻿Peru ,58,Black Eyed Peas & Shakira,GIRL LIKE ME
﻿Peru ,59,Pháo,2 Phút Hơn [KAIZ Remix]
﻿Peru ,60,Bad Bunny & Jhay Cortez,DÁKITI
﻿Peru ,61,Avicii,The Nights
﻿Peru ,62,Magic!,Rude
﻿Peru ,63,XXXTENTACION,Hope
﻿Peru ,64,"Maluma, Rauw Alejandro & Beéle Feat. Darell, Mambo Kingz & DJ Luian",Aloha
﻿Peru ,65,Bring Me The Horizon,Can You Feel My Heart
﻿Peru ,66,Harry Styles,Watermelon Sugar
﻿Peru ,67,"Nio Garcia, Casper Magico & Ozuna Feat. Wisin & Yandel, Myke Towers & Flow La Movie",Travesuras (Remix)
﻿Peru ,68,Twenty One Pilots,Stressed Out
﻿Peru ,69,DaBaby Feat. Roddy Ricch,Rockstar
﻿Peru ,70,Ovy On The Drums & Danny Ocean Feat. KAROL G,Miedito o Qué?
﻿Peru ,71,Lewis Capaldi,Before You Go
﻿Peru ,72,"Rusherking, Khea & Duki Feat. Maria Becerra, Lit Killah & Tiago PZK",Además de Mí (Remix)
﻿Peru ,73,"Kevin Roldan, Bryant Myers & Lyanno",Hasta Abajo
﻿Peru ,74,Rihanna,Where Have You Been
﻿Peru ,75,Kim Dracula,Paparazzi
﻿Peru ,76,"Nio Garcia, Rauw Alejandro & Lenny Tavarez Feat. Myke Towers, Casper Magico & Darell",Mírame (Remix)
﻿Peru ,77,The Weeknd,Save Your Tears
﻿Peru ,78,Hodge,In My Little Mind
﻿Peru ,79,Jack Koden,Get Lucky
﻿Peru ,80,SAINt JHN,Roses (Imanbek Remix)
﻿Peru ,81,Alok & Bruno Martini Feat. Zeeba,Hear Me Now
﻿Peru ,82,Haddaway,What Is Love
﻿Peru ,83,Migrantes & Alico,Si Me Tomo Una Cerveza
﻿Peru ,84,Maroon 5,Maps
﻿Peru ,85,Black Pumas,Colors
﻿Peru ,86,Adele,Set Fire To The Rain (Thomas Gold Remix)
﻿Peru ,87,Hippie Sabotage,Devil Eyes
﻿Peru ,88,Grover Washington Jr.,Just The Two Of Us
﻿Peru ,89,Momokurotei Ichimon,Nippon Egao Hyakkei
﻿Peru ,90,Camilo & El Alfa,BEBÉ
﻿Peru ,91,Daft Punk Feat. Pharrell Williams,Get Lucky
﻿Peru ,92,Capital Cities,Safe And Sound
﻿Peru ,93,Mother Mother,Hay Loft
﻿Peru ,94,Coldplay,Hymn For The Weekend
﻿Peru ,95,Leyla Blue,What A Shame
﻿Peru ,96,Justin Bieber & benny blanco,Lonely
﻿Peru ,97,KAROL G,BICHOTA
﻿Peru ,98,Luigy Boy & La Florezta,Alo Michael (rico rico rico rico)
﻿Peru ,99,The Very Unknown Band,The Most Mysterious Song On the Internet (Remastered)
﻿Peru ,100,Lewis Capaldi,Someone You Loved
﻿Peru ,101,Doja Cat,Say So
﻿Peru ,102,Tame Impala,The Less I Know The Better
﻿Peru ,103,"KEVVO, Arcángel & Becky G. Feat. Darell",Te Va Bien
﻿Peru ,104,Olivia Dean,Echo
﻿Peru ,105,Antonio Pavón Galán,Llegaste En Abril
﻿Peru ,106,Indila,Dernière Danse
﻿Peru ,107,Pascal Letoublon,Friendships
﻿Peru ,108,Kurt Hugo Schneider & Kirsten Collins,Dusk Till Dawn
﻿Peru ,109,Laura Branigan,Self Control
﻿Peru ,110,Dirty Heads,Vacation
﻿Peru ,111,Childish Gambino,Redbone
﻿Peru ,112,Nicky Jam & Romeo Santos,Fan de Tus Fotos
﻿Peru ,113,Gwen Stefani,Hollaback Girl
﻿Peru ,114,SoulChef Feat. Nieve,Write This Down
﻿Peru ,115,Really Slow Motion,Deadwood
﻿Peru ,116,Los Farandulay,El Peludo
﻿Peru ,117,Dura DJ,"Y Si el Pueblo Pide, Ponle"
﻿Peru ,118,Queen,Another One Bites The Dust
﻿Peru ,119,Eduardo Luzquiños & EZRA,Yrn (Remix)
﻿Peru ,120,Sr. Nescau,Beat Cute - Músiquinha fofa do TikTok (Funk Remix)
﻿Peru ,121,Alice Deejay,Better Off Alone
﻿Peru ,122,Powfu,death bed (feat. beabadoobee) [coffee for your head]
﻿Peru ,123,Lizz Robinett Feat. L-Train & Y. Chang,Renai Circulation (English Cover) [TV Size]
﻿Peru ,124,BLACKPINK,How You Like That
﻿Peru ,125,Claveles de la Cumbia,Te Juro Que Te Amo
﻿Peru ,126,Beach Bunny,Cloud 9
﻿Peru ,127,Post Malone,Hollywood's Bleeding
﻿Peru ,128,"Lyanno, Rauw Alejandro & Lenny Tavarez Feat. Maria Becerra",En Tu Cuerpo (Remix)
﻿Peru ,129,ZAYN Feat. Sia,Dusk Till Dawn
﻿Peru ,130,Rihanna,Needed Me (Cosmic Dawn Club Mix)
﻿Peru ,131,Sia,Snowman
﻿Peru ,132,Sub Urban,Cradles
﻿Peru ,133,Stefflon Don,16 Shots
﻿Peru ,134,Nio García & Casper Mágico,Travesuras
﻿Peru ,135,Lilly Wood & The Prick & Robin Schulz,Prayer In C (Robin Schulz Radio Edit)
﻿Peru ,136,Surf Mesa Feat. Emilee,ily (i love you baby)
﻿Peru ,137,Jason Derulo Feat. 2 Chainz,Talk Dirty
﻿Peru ,138,Marcelo D2 & Claudia,Desabafo / Deixa Eu Dizer
﻿Peru ,139,Natalia Lafourcade,Nunca Es Suficiente
﻿Peru ,140,George Michael,Careless Whisper
﻿Peru ,141,Alessia Cara,Here (Lucian Remix)
﻿Peru ,142,Master KG Feat. Nomcebo Zikode,Jerusalema
﻿Peru ,143,Tommee Profitt Feat. Fleurie & Jung Youth,In The End
﻿Peru ,144,Natti Natasha & Prince Royce,ANTES QUE SALGA EL SOL
﻿Peru ,145,"Migrantes, Oscu & Rombai Feat. Agapornis, Alico & Nico Valdi",Si Me Tomo una Cerveza (Remix)
﻿Peru ,146,Selena Gomez & Rauw Alejandro,Baila Conmigo
﻿Peru ,147,Papu DJ,La Guerra
﻿Peru ,148,Alt-J,Breezeblocks
﻿Peru ,149,Eurythmics,Sweet Dreams (Are Made Of This)
﻿Peru ,150,Hozier,Take Me To Church
﻿Peru ,151,Jeeiph,Bonita
﻿Peru ,152,Sebastián Yatra & Guaynaa,Chica Ideal
﻿Peru ,153,Ludovico Einaudi,Experience
﻿Peru ,154,CNCO,Dejaría Todo
﻿Peru ,155,BTS,Life Goes On
﻿Peru ,156,Imagine Dragons,Believer
﻿Peru ,157,The Black Eyed Peas,Let's Get It Started
﻿Peru ,158,Queen,Good Old-Fashioned Lover Boy
﻿Peru ,159,The Kid LAROI,WITHOUT YOU
﻿Peru ,160,Roar,I Can't Handle Change
﻿Peru ,161,DJ Snake Feat. Bipolar Sunshine,Middle
﻿Peru ,162,Nathan Evans,Wellerman (Sea Shanty)
﻿Peru ,163,Migos Feat. Young Thug,YRN
﻿Peru ,164,MGMT,Little Dark Age
﻿Peru ,165,Doja Cat,Streets
﻿Peru ,166,Alan Walker & Ava Max,"Alone, Pt. II"
﻿Peru ,167,Camilo & Evaluna Montaner,Machu Picchu
﻿Peru ,168,SZA & Justin Timberlake,The Other Side
﻿Peru ,169,347aidan,Dancing in My Room
﻿Peru ,170,Taylor Swift,cardigan
﻿Peru ,171,Paul Anka,Put Your Head On My Shoulder
﻿Peru ,172,Rauf & Faik,Колыбельная
﻿Peru ,173,The Outfield,Your Love
﻿Peru ,174,KLANG,Falling Again
﻿Peru ,175,ATB,9 Pm (Till I Come)
﻿Peru ,176,Creedence Clearwater Revival,Have You Ever Seen The Rain?
﻿Peru ,177,SoFaygo,Knock Knock
﻿Peru ,178,Coolio Feat. L.V.,Gangsta's Paradise
﻿Peru ,179,Harry Styles,Adore You
﻿Peru ,180,Future,Mask Off (Aesthetic Remix)
﻿Peru ,181,Humbe,Confieso
﻿Peru ,182,HAIM,The Steps
﻿Peru ,183,Ali Gatie,It's You
﻿Peru ,184,Mike Posner,I Took A Pill In Ibiza (Seeb Remix)
﻿Peru ,185,Hoobastank,The Reason
﻿Peru ,186,Jay Wheeler & DJ Nelson Feat. Myke Towers,La Curiosidad
﻿Peru ,187,Jesse & Joy,Dueles
﻿Peru ,188,Keane,Everybody's Changing
﻿Peru ,189,Passenger,Let Her Go
﻿Peru ,190,The Black Eyed Peas,Pump It
﻿Peru ,191,Tones And I,Dance Monkey
﻿Peru ,192,Capone,Streets Favorite
﻿Peru ,193,Edward Maya & Vika Jigulina,Stereo Love
﻿Peru ,194,Rauw Alejandro Feat. Chencho,El Efecto
﻿Peru ,195,The Supremes,Stop! In The Name Of Love
﻿Peru ,196,Ozuna & Camilo,Despeinada
﻿Peru ,197,Jack Stauber,Buttercup
﻿Peru ,198,Men At Work,Who Can It Be Now?
﻿Peru ,199,Foreigner,I Want To Know What Love Is
﻿Peru ,200,Matias Juarez & Trapzongo,Que Te Parece
