Rochy RD,Myke Towers,Nicki Nicole
Kali Uchis
Rhino,Manzana
ElyOtto
Los Legendarios,Wisin,Jhay Cortez
Leat'eq
Masked Wolf
kostromin
Bandido
Marconi Union
Nathan Evans,220 KID,Billen Ted
Selena Gomez,Rauw Alejandro
Luigy Boy,La Florezta
Dirty Heads
Luam
Duncan Laurence
Papu DJ,L-Gante
Falke 912
Pascal Letoublon
Kardinal Offishall,Akon
C. Tangana,Toquinho
CNCO
L-Gante,El Mas Ladron,DT.Bilardo
Olivia Rodrigo
ATB,Topic,A7S
Louis Tomlinson
Nathy Peluso
Milly,Farruko,Nio Garcia,Jay Wheeler,Amenazzy
Giveon
Destiny Rogers
LA YOUNG
Jowell & Randy
Leyla Blue
Akim,Dalex,Beéle,Boza
Kaleb Di Masi,L-Gante,DT.Bilardo,Bruno LC
Los Legendarios,Wisin,Chencho Corleone
Myke Towers,Juhn
Kim Dracula
L-Gante,Homer El Mero Mero,DT.Bilardo
Nicky Jam,Romeo Santos
CNCO
La K'onga
KD One
Perro Primo,DT.Bilardo,BRIANMIX
Eyedress
KALEO
C. Tangana,Niño de Elche,La Húngara
Evaluna Montaner
347aidan
Boney M.
